preperation_level,study_hours,sleep_hours,revision_frequency,exam_stress_level,performance_scores
1,10,19,7,5,93.9864273409351
3,16,3,5,4,85.41808676214625
1,22,6,7,4,88.09969423181502
2,1,19,4,3,68.30080507877322
2,10,14,3,1,96.54060856807567
1,24,24,6,5,62.636198912914395
2,9,4,2,5,61.20618753961753
2,9,18,2,5,78.71026066113369
3,7,13,7,2,95.59887208996794
2,9,3,3,2,53.6997700358096
3,18,13,6,4,100.0
2,17,8,2,4,88.26904593790942
1,5,5,4,3,54.02940169870254
2,8,21,1,2,75.79439821253688
3,16,4,5,1,94.52363607908889
2,4,2,5,1,45.76225219222076
3,8,5,5,3,73.1975395703347
1,13,19,1,4,90.47804305819818
2,9,18,2,3,89.43952948415144
2,14,4,3,5,76.65104954773791
3,20,8,5,1,100.0
1,8,5,4,5,53.11044910118824
3,17,13,3,4,100.0
2,8,17,3,5,82.14635732688184
3,16,9,6,2,100.0
1,15,1,1,2,58.55433077197223
3,6,12,7,3,95.03360305848705
2,14,10,7,2,100.0
3,22,14,5,5,100.0
2,20,18,7,5,100.0
3,11,2,6,2,81.8102652222904
2,2,3,4,2,40.41812798684279
2,22,4,1,1,64.66417289175423
3,13,8,2,3,91.44005454511105
1,22,21,6,3,99.51936744251752
3,15,13,6,2,100.0
2,5,6,3,1,48.724289163883746
3,12,14,2,5,98.18257730641233
2,5,2,7,3,52.956918054093585
1,23,8,5,3,74.55855257594983
1,20,17,7,2,100.0
3,7,9,3,4,75.86125576191678
1,10,14,7,4,100.0
2,19,17,3,3,100.0
3,17,9,7,1,100.0
2,1,13,4,4,62.02752363950065
2,9,3,7,4,75.25076125854723
3,24,23,2,4,72.56653724725051
3,12,19,5,3,100.0
3,5,9,1,2,55.23578431495704
3,15,10,2,3,97.64852994499581
1,9,9,1,4,60.759367438406244
1,14,13,2,1,93.52682870751528
2,8,19,2,3,76.06976712015336
3,12,11,1,3,93.00850726851722
3,20,5,6,3,94.5306101175599
1,6,17,6,1,87.07682534116718
1,2,14,1,1,52.685323144373996
3,6,18,2,1,81.06255227659227
2,3,4,3,2,40.863879875645445
1,21,4,1,2,64.11963368883835
2,13,4,3,2,76.84733575529681
2,5,6,7,3,70.60520333723093
3,2,8,4,1,57.463272839098764
2,19,1,5,2,80.60689708114197
2,12,12,3,4,96.31038770704426
1,4,24,2,4,31.733862685008695
2,1,2,6,1,39.65840126057137
2,13,15,2,2,98.78405047435666
1,16,11,3,4,94.63073049738462
3,24,14,2,3,90.04300566152874
1,12,24,5,4,77.2958230487846
3,5,18,2,1,71.05582994744873
1,18,13,5,3,100.0
3,4,10,4,2,68.15164416253243
3,23,24,1,2,68.88967139771549
2,6,20,6,5,81.52982983728239
1,24,13,5,5,78.99722653398916
1,23,19,7,1,100.0
2,18,23,4,4,98.61556051413457
1,23,1,3,2,48.85445068254251
2,2,5,1,2,36.01622528396005
1,3,4,1,4,25.103845040537117
1,12,7,7,2,98.15347248855704
1,20,8,6,1,100.0
1,14,5,4,5,81.18180071179948
2,3,10,5,2,65.19114264840678
1,21,9,7,5,98.7324704997256
1,16,8,5,1,99.82589482125555
2,12,6,4,1,78.96498231963793
1,4,14,1,3,55.28572607552753
1,1,24,1,2,23.326262176925145
2,1,5,3,3,38.79743435710485
2,22,10,5,5,96.54759025710263
1,17,16,6,2,100.0
1,15,16,6,2,100.0
2,7,20,5,1,86.69855633639449
3,1,12,2,5,60.7621083031893
1,1,7,5,2,40.255788288775605
3,1,8,7,2,58.89562368685494
1,20,1,7,3,76.53195647971852
1,24,13,1,4,70.59258922409532
1,18,7,5,1,90.55274770175826
3,15,9,3,2,97.6793366730873
1,21,1,6,3,68.57051557478265
1,18,13,6,5,100.0
2,23,13,6,4,98.68226110886641
2,2,1,6,2,40.95596943458501
2,12,3,3,3,64.55802089589378
2,9,24,4,1,64.30036197659386
3,14,20,5,2,100.0
2,14,18,4,5,100.0
1,4,15,3,2,62.16849246479428
2,10,19,7,3,100.0
3,22,24,4,1,85.57401403310327
3,10,6,1,5,70.82177742012499
3,4,10,2,1,60.576261553149926
2,13,14,5,1,100.0
2,23,20,2,5,84.8697882229068
1,22,19,5,3,98.91024167075824
3,8,15,2,4,87.4425090308684
2,5,2,3,2,39.79504454720188
3,18,1,4,3,83.55939376195334
1,9,15,2,3,81.912569601686
3,1,17,1,1,61.063568948558824
1,10,9,7,1,83.70705944691524
1,9,24,5,3,70.30172834273368
2,17,4,2,4,77.89095435964691
1,22,4,4,3,68.8343192257902
1,17,20,5,4,100.0
3,9,8,1,2,70.54653588143316
2,14,2,5,2,79.7942189440489
2,24,12,7,5,100.0
3,8,13,5,1,89.25918572549773
2,5,16,7,2,91.17557451650573
3,10,4,3,2,64.13744008056646
3,8,5,4,4,68.16786547196783
2,7,23,4,1,69.70279655591635
3,6,17,5,2,88.79284967699513
1,22,20,7,5,96.3455337822837
2,21,11,3,2,95.69018943529699
3,4,15,1,2,61.73920420842749
1,7,5,7,1,62.47472340896366
2,8,1,1,5,43.199021190890065
2,21,10,5,2,100.0
2,9,21,6,4,96.07015757444435
3,4,1,7,4,52.141100757013504
3,13,5,5,4,87.8648238263723
2,24,18,5,3,90.78710302274585
3,4,13,2,2,70.53980446753792
2,10,3,4,2,65.42414472530163
3,10,3,7,5,80.23306267325691
2,12,17,2,2,91.46265280062946
1,22,11,3,5,84.86166892430191
3,1,1,6,1,41.547541258873736
3,4,10,2,3,65.32170972784628
1,9,17,6,5,91.06703624982208
3,1,2,6,3,43.08939734649158
3,12,15,5,4,100.0
1,9,21,7,1,92.46800918843991
2,14,16,6,1,100.0
2,21,14,5,5,100.0
1,7,20,2,1,66.37341037395052
1,10,12,4,4,89.42636799747939
1,21,13,7,4,100.0
3,23,21,5,3,96.55623793269481
1,7,24,2,3,51.800266078712596
2,16,14,5,4,100.0
3,24,18,5,1,97.05918879761846
1,9,14,6,4,89.69048780841477
1,13,8,1,4,73.3243062895694
1,7,4,1,5,40.49179595543855
1,6,14,1,4,62.36407468088066
3,5,2,1,3,31.624604321294257
1,9,11,3,1,81.55663056415847
2,16,5,6,1,95.50063320159715
2,15,11,1,4,92.99532475062293
1,14,15,6,4,100.0
1,3,11,7,1,71.24563031290425
1,11,6,5,2,78.2504036364706
2,10,14,2,2,85.5415015514891
3,9,8,5,2,83.0454831350812
3,21,13,5,2,100.0
3,8,21,3,3,85.61246228488791
1,24,17,4,5,85.03785377499696
3,9,15,3,4,97.8210100775093
1,10,2,1,2,51.77990325989554
3,7,19,1,3,81.35027242245899
2,16,21,3,1,100.0
1,22,4,4,2,66.60246604830871
3,10,24,6,5,83.54844497669221
3,11,17,5,3,100.0
1,18,4,5,3,85.59427576418399
3,20,12,7,5,100.0
2,17,14,3,1,100.0
1,20,22,6,4,100.0
3,21,7,2,5,89.11080998364027
3,1,14,1,1,58.715953876077954
2,10,11,1,5,75.35858139731657
3,21,4,5,3,87.97500335963052
1,10,22,1,1,67.44563088658452
1,19,17,3,5,99.16869626861396
3,11,12,2,3,93.33528282225609
3,23,24,2,4,68.45276311287307
2,21,4,1,3,68.17226428601492
1,3,19,4,4,66.84727149243818
3,7,11,1,2,69.69326844381956
2,15,22,5,5,100.0
3,13,23,2,1,92.37315173747882
2,16,20,6,5,100.0
2,21,9,1,5,82.88328730356366
1,22,9,5,3,92.15231100607141
1,2,15,1,2,46.8251740151321
3,9,24,3,4,64.76145603100163
3,3,3,1,4,31.60174854976134
2,10,1,3,3,56.25051235727331
3,19,20,6,4,100.0
3,1,8,5,5,59.22008144274251
2,22,2,3,1,62.68382044916449
1,20,10,1,1,79.4320464399316
3,7,13,3,3,80.23699989600787
3,15,5,1,1,80.96238178804363
3,1,10,2,2,53.95592929253736
1,14,24,4,3,78.09254853406293
2,8,5,5,5,61.97893344111945
3,8,7,6,3,80.26961266422732
2,7,18,1,2,78.86709347053565
3,5,6,7,1,66.72500771680802
3,20,19,2,4,100.0
3,19,14,3,2,100.0
1,21,1,6,2,72.29841130177095
1,14,24,4,4,75.16562546982162
3,12,2,5,3,80.37256047365901
2,17,23,4,2,98.035712122782
2,24,5,4,2,73.67207014246733
1,12,8,6,5,86.21098907769559
1,9,22,4,1,72.74173945988547
3,18,13,7,5,100.0
1,20,21,3,3,93.13808848183155
3,16,24,4,5,91.98201387368317
3,22,1,2,5,60.32487316918046
2,3,18,6,1,88.35648632584929
3,17,4,6,1,100.0
1,12,21,1,3,86.10825199188463
1,20,8,7,3,100.0
2,16,12,6,2,100.0
3,20,20,1,2,100.0
1,19,18,5,2,100.0
2,21,10,4,2,90.1439291906974
1,9,6,1,2,56.74880631503698
1,13,10,4,1,93.66968103768676
3,23,1,6,1,72.88955442209887
3,7,13,2,2,81.48661245303492
1,16,7,5,1,96.19668836414039
3,17,22,4,5,100.0
2,17,8,7,1,100.0
3,1,18,5,1,78.18770833758914
1,21,6,7,3,88.50507478097782
2,11,15,3,2,100.0
1,15,13,2,2,99.45334036567249
2,1,12,4,1,57.89863208049535
2,17,20,2,3,100.0
2,21,20,4,2,100.0
3,23,12,7,1,100.0
3,15,7,2,2,92.182155453905
1,10,8,5,1,82.59262532742332
3,21,14,5,1,100.0
3,9,24,7,2,91.13709973688336
2,17,9,2,4,96.94025029191143
1,13,22,5,1,94.7503980603557
1,18,22,6,1,100.0
3,20,11,7,2,100.0
2,19,19,1,5,97.5844260229885
1,6,15,7,3,86.907740368833
3,24,9,2,4,78.11815306823559
3,7,1,5,3,50.34242761385571
1,20,3,6,1,79.75826667784511
2,14,8,4,4,90.48071084944166
2,10,14,5,1,100.0
1,4,22,6,1,63.722750957375276
3,21,11,3,4,100.0
1,16,5,4,4,81.99277293661366
2,3,23,4,3,58.0668991177265
3,5,21,3,5,74.9028661401819
3,19,14,6,3,100.0
3,17,21,7,2,100.0
1,22,22,4,2,87.91474358333828
1,7,1,2,5,32.259800212859275
2,11,24,2,1,70.53079137414909
1,11,22,6,1,88.33820887146389
2,4,21,3,2,64.64117320718901
1,12,16,3,4,92.55842452222308
1,2,21,2,2,54.374560764076804
2,10,3,4,3,63.697715345994595
2,13,20,7,5,100.0
1,17,5,5,5,85.77909348714063
2,4,10,2,1,55.188074699291136
3,13,20,5,2,100.0
2,17,10,5,5,100.0
3,5,22,7,2,81.44448275722131
3,23,10,1,4,83.80518624090394
2,24,18,3,1,84.27590760382088
1,3,20,1,3,50.04701547004944
1,3,3,2,4,29.993910211995654
3,24,4,5,5,68.64266215793681
3,20,9,1,3,93.1673919974925
1,21,22,3,4,88.73937854448884
2,6,13,4,3,78.84420795045355
2,15,6,6,4,99.23409214846882
1,16,9,3,4,87.3678911402488
2,11,1,4,1,66.32546618024261
2,4,5,1,2,34.46575928912953
2,22,23,7,2,95.89513996958922
3,15,10,1,2,93.03269600070642
1,22,22,6,2,95.27611747930553
3,9,9,2,2,84.69887731011319
2,12,23,5,1,90.80812893308655
1,9,22,4,2,75.0780394108457
2,1,11,7,5,72.99423580267455
2,13,3,3,5,67.41411998405837
1,12,6,2,3,68.30075116513565
1,24,7,4,1,61.253226776036506
2,22,13,2,5,89.29982471067082
2,3,10,3,4,58.845239682364024
1,21,3,7,4,79.75560431997815
1,12,9,1,4,75.7792212115602
3,13,13,2,4,100.0
3,4,19,6,1,88.06096505299679
3,17,6,2,1,85.03912905762414
3,23,11,1,3,87.41315463009165
1,15,8,5,1,95.01335714135013
2,24,24,1,3,58.645249477673566
2,24,14,4,2,94.13598419737023
2,11,18,4,1,100.0
3,22,23,7,3,99.37779894153789
2,2,12,1,1,50.69539709130994
3,11,17,1,4,95.75491901072986
1,10,7,6,5,77.31677865580887
2,19,24,1,1,69.96935765549415
1,13,22,2,2,79.37861412302622
3,23,19,4,1,100.0
2,18,13,3,5,100.0
3,4,10,1,1,57.18788002348701
2,13,6,7,1,96.19249670113996
2,24,17,6,4,100.0
3,15,22,1,3,91.56299991511277
1,20,16,4,3,100.0
1,14,16,7,2,100.0
2,16,10,2,1,93.72293446013327
1,24,17,4,5,91.05513361732966
1,11,20,4,5,88.38879739870849
2,8,22,5,2,82.93108267552715
3,18,11,7,5,100.0
3,23,6,2,1,72.58023219696128
1,15,24,6,5,82.07415494576601
2,5,21,1,4,63.636268059943546
3,18,8,6,5,100.0
3,17,9,1,4,98.0432544877815
2,6,20,5,2,79.6355393339562
2,1,19,7,4,76.8422797941787
1,8,10,2,3,70.73637576557077
1,16,14,7,5,100.0
1,19,7,1,4,74.42857652546813
1,7,9,1,1,51.75917605096547
2,23,3,5,3,70.12835068048635
2,18,4,4,2,81.83209326198698
3,11,12,7,5,100.0
2,8,18,4,4,90.53647245800965
1,9,23,6,1,82.07089987454364
1,2,15,7,4,79.65884723257855
3,8,12,2,3,83.89534067612591
3,14,5,7,2,98.58501119162084
3,19,10,2,2,99.41695563037891
3,11,22,1,1,83.37108527586295
3,1,11,7,5,73.8702980292804
3,16,12,1,4,100.0
3,17,19,5,2,100.0
3,20,18,1,4,100.0
3,9,14,6,3,98.28741617271582
3,8,3,7,5,73.09181984676678
3,6,24,3,4,59.671930654879965
3,11,6,6,2,90.0964107369633
2,18,20,3,2,100.0
2,24,18,5,5,88.83475386244235
1,23,15,2,2,88.22270907576464
1,3,20,6,5,64.61635435028678
2,2,9,7,2,67.20852433983157
1,18,17,4,4,100.0
3,5,24,2,3,56.54989986130753
2,22,9,5,3,88.0779762105625
2,18,10,5,1,100.0
3,4,24,2,3,48.96845804999202
1,11,19,1,4,88.18756479527306
3,14,8,4,3,96.80557022887028
1,3,1,4,1,23.928142815756377
2,24,24,6,3,69.34966365197474
3,2,7,7,1,65.42019572020948
2,8,5,7,1,69.46874708312565
3,17,1,2,4,72.09290255811574
3,8,10,6,5,93.74492052523576
3,11,5,2,3,67.39754052848915
2,11,18,5,2,100.0
3,8,4,6,5,75.25932466889836
1,10,21,2,4,73.29419842017091
2,24,15,2,4,80.0295114693218
2,3,17,1,5,59.68323757966375
3,20,9,6,3,100.0
1,2,8,3,4,42.77816263338777
2,15,22,7,4,100.0
1,17,6,4,4,86.08622452238721
2,2,19,2,1,53.62111689414769
1,5,11,4,1,68.5986886090218
2,19,3,5,5,83.01166753168687
2,4,3,5,1,51.51870471977037
3,11,6,4,3,79.78740774751361
1,14,20,5,4,100.0
3,3,22,7,5,69.35574531943767
3,22,22,1,3,82.61019032491774
3,11,11,5,1,100.0
1,16,14,7,1,100.0
2,8,18,2,5,81.2858827733866
1,13,11,1,5,82.70857276470369
2,8,6,2,1,59.426252827385305
1,12,11,2,3,89.13392358724444
3,20,3,2,2,76.66572728539265
2,10,12,2,2,85.81447889441426
1,14,19,1,1,89.59618724452993
1,10,20,2,2,83.35000727703998
3,8,16,5,3,96.9413840273169
1,20,18,2,5,95.55434333086347
3,21,2,7,3,92.24309555271921
2,21,4,2,4,74.06873725909374
3,18,21,4,5,100.0
1,5,16,1,5,61.19496622622006
2,18,2,4,1,76.91445631613803
3,6,11,3,4,74.59403906717996
1,24,15,7,2,98.58994712454951
1,20,11,3,3,98.2072135838105
1,19,22,5,2,100.0
2,19,8,5,3,100.0
2,6,6,4,4,56.19689208684593
3,14,1,2,3,74.56837273619111
3,16,9,6,3,100.0
2,14,12,3,2,100.0
1,22,14,6,1,98.57093849199346
3,17,18,7,3,100.0
1,8,22,6,1,80.33805983043247
2,20,2,1,2,68.0621116716437
3,20,12,4,1,100.0
2,1,14,7,1,79.21481999897645
2,15,13,4,2,100.0
2,16,20,1,3,100.0
3,7,5,7,4,72.06713944275927
2,1,10,7,5,72.3402672718835
3,5,16,2,1,72.70404003989825
3,17,6,1,1,78.62190766886887
2,15,24,1,5,77.98002184671161
2,6,3,3,2,44.75918277042165
1,24,24,3,5,51.707372169444824
1,13,2,3,4,57.569940163362034
2,11,13,4,3,100.0
2,19,21,5,2,100.0
3,14,13,7,3,100.0
2,3,20,5,3,77.8051777797282
3,9,15,3,4,96.74932560385749
1,9,6,7,2,72.1089897626205
3,4,12,3,4,71.21052176214667
3,2,8,3,2,53.05711759412971
2,7,4,5,5,59.12152802977059
1,10,6,5,1,76.08141833699058
3,16,5,5,2,93.70682760289509
2,2,20,4,4,65.73935200191225
2,20,18,3,5,100.0
3,3,16,5,5,84.74171821788465
2,9,14,2,5,84.670967710395
3,20,3,1,2,68.57134315168958
2,24,11,3,3,81.12180587596004
3,16,16,4,4,100.0
2,1,19,3,2,63.00286848966062
2,1,13,6,1,73.582057401137
3,18,19,2,3,100.0
3,20,6,5,1,97.0554044889304
1,18,2,2,4,62.27986045673648
2,9,21,3,3,86.19976405552138
1,18,19,1,1,97.78382406033273
2,15,9,1,5,86.35598719471767
3,14,9,6,5,100.0
3,7,11,7,5,93.86295598231334
2,8,2,3,4,52.17269266004646
3,22,11,1,1,87.75706841552791
3,7,17,5,3,92.4751953721576
1,2,10,3,4,49.14990903666422
3,24,16,5,1,100.0
1,8,13,4,1,76.9002665260129
3,2,3,6,3,45.06950773190129
2,13,5,4,1,85.4831492737857
3,3,12,1,1,63.053020362848585
1,22,10,2,4,79.42042838387191
3,7,12,4,3,86.50455915327649
3,22,18,4,5,100.0
2,19,1,2,4,65.94449006254898
1,6,13,2,5,62.17380979658024
2,21,21,3,1,98.7460366856275
2,16,24,1,4,76.41636505944354
1,10,23,4,4,68.68425536118451
2,14,15,3,3,100.0
2,24,3,6,3,67.50535672632226
2,18,3,6,5,89.83578770011547
1,19,9,6,5,100.0
1,18,17,1,1,100.0
2,10,12,1,3,79.11415213183741
2,17,8,7,4,100.0
1,7,5,3,4,49.279467026134576
1,3,24,3,3,35.2682839127796
1,16,5,4,1,81.94221097917398
3,21,18,5,1,100.0
3,1,16,3,2,74.725553453617
3,10,12,5,2,100.0
2,6,24,6,2,69.71189345864997
3,16,15,2,1,100.0
3,23,22,3,1,85.43794834404714
3,24,21,7,1,97.18819382855918
2,11,20,4,1,100.0
2,5,5,7,4,63.65650870777281
1,18,20,2,3,99.12723102324816
1,17,5,5,2,84.78284360378987
2,4,1,7,1,49.724709653840605
3,5,2,7,2,59.00980580939981
3,12,1,2,5,68.62168547330762
3,3,11,7,2,78.48508943778289
3,5,12,6,2,87.3856266711252
2,10,8,7,4,85.80107660613831
2,4,23,7,5,67.34626874226902
1,7,24,5,1,59.19389563758628
2,21,12,5,2,100.0
2,14,20,7,4,100.0
3,6,9,5,2,77.21482179949811
2,17,18,3,3,100.0
3,12,18,3,1,100.0
2,8,12,1,2,72.91957177524483
2,20,1,7,4,88.56557470612981
3,6,4,6,5,63.743470110042544
2,9,4,5,4,68.16616099326451
2,4,20,3,3,58.47532992564487
1,5,3,2,1,35.014510647656714
3,24,12,3,1,91.5982971854587
2,10,15,7,2,100.0
3,11,17,5,3,100.0
2,2,2,3,4,31.331085813354747
3,2,7,3,4,49.0875651686156
3,9,16,7,1,100.0
2,19,20,4,4,100.0
2,4,14,3,2,65.51188893451321
3,15,21,5,5,100.0
2,22,16,4,2,100.0
3,5,7,7,1,73.36520226701973
2,3,4,4,1,42.351522588549514
1,7,12,4,2,71.75779589779461
1,5,5,2,1,34.56280930914919
2,15,10,1,5,87.48582256671817
2,18,21,4,3,100.0
1,10,5,4,3,62.00168102862861
3,11,7,4,1,87.92767820358513
1,24,2,4,5,50.96249356111821
2,13,6,5,5,87.71890052102954
3,14,20,7,4,100.0
1,2,18,1,1,50.05091993584144
1,16,21,4,2,100.0
2,15,16,5,5,100.0
2,7,24,7,4,72.79683974739824
1,2,11,3,3,55.65882453411894
2,2,21,3,5,53.49126979327268
3,24,18,6,4,100.0
1,10,12,5,2,91.83344114524135
2,9,5,3,1,56.95564428050105
1,7,24,3,2,53.199567069255615
1,21,17,2,1,97.24504167193389
1,15,7,6,2,92.987259116839
1,4,20,1,4,50.362656946951965
1,18,5,2,4,76.3189480403404
1,18,20,6,5,100.0
3,24,6,4,4,70.65582599184246
1,19,1,3,4,64.99684456095338
1,13,11,3,2,91.30379116259981
2,8,10,2,4,70.67122402332775
1,17,18,1,2,100.0
1,4,11,4,1,55.71922387225118
3,8,23,5,5,84.03325624738255
1,14,2,3,2,67.29579913559866
3,1,1,3,1,36.962278755422275
1,10,3,5,1,68.34638087156708
1,14,18,2,4,100.0
2,23,17,4,2,90.46962414744772
2,10,19,4,1,95.90509796111849
3,5,8,7,1,77.47531491178296
3,17,15,1,5,100.0
3,19,4,2,2,77.1902268454768
1,24,14,5,2,89.3281752228353
2,11,18,7,4,100.0
1,11,16,5,5,100.0
1,11,11,1,4,74.864645325097
3,8,2,7,4,69.92842218963992
1,15,21,4,3,100.0
3,15,20,1,4,100.0
1,17,1,4,4,72.22662688750181
1,5,14,1,4,58.30844124990916
1,10,5,1,3,57.44734935295062
2,13,9,6,4,100.0
2,17,7,2,5,84.07569962217337
3,19,6,4,2,90.60960817021267
3,6,3,3,2,49.034711841744446
1,11,5,7,3,83.39583732475019
2,22,13,1,4,89.48787792591769
1,2,7,6,5,50.78691384959626
3,6,16,2,3,71.05637631978574
1,9,12,6,2,90.37313693882172
1,6,22,5,1,71.6146106768315
3,3,12,5,5,83.56503115285554
2,1,2,2,5,23.03884154718382
1,17,3,6,5,84.03653491907815
3,8,9,2,3,73.73851296210019
3,23,17,1,4,92.44065707132967
2,22,3,2,3,64.51639015254467
3,21,16,7,2,100.0
3,7,13,5,4,90.34388967520457
2,6,11,5,5,82.68242951785147
1,17,10,7,2,100.0
1,10,16,3,4,88.49833337971017
1,2,22,2,1,43.93259741821917
3,24,22,5,3,86.32466923049174
3,6,14,3,1,78.41232273429706
3,16,11,4,2,100.0
2,11,8,5,5,86.57767509629123
2,23,23,7,2,92.514659328896
2,10,19,5,2,100.0
2,20,3,6,3,87.75433811888264
3,17,16,4,4,100.0
1,16,5,5,1,86.02868844501631
2,19,2,7,3,91.65975698968782
2,24,23,7,5,78.50936582263861
3,14,22,2,3,93.72316719212222
2,23,12,2,3,84.96084796105727
1,15,3,3,4,76.21676034539618
3,9,10,5,1,95.61320898917678
2,21,13,7,1,100.0
3,7,9,2,1,72.34152635566421
3,3,3,3,1,42.68637144588701
1,17,20,2,3,99.10106561779077
2,22,23,5,3,86.52952076342612
1,3,9,5,4,65.30415830481047
2,5,3,5,5,47.61274275849214
2,4,20,3,1,70.56155464469704
3,6,15,2,5,78.18967356013427
3,16,23,7,4,100.0
1,17,23,3,2,89.84889475737803
1,10,7,1,2,60.34694766231324
2,5,4,2,1,38.27880231100911
2,19,5,7,1,93.39488207823703
1,11,16,1,4,84.70643530774188
1,5,22,4,3,57.632601835236805
3,1,21,4,2,66.12095718992035
1,13,24,6,1,86.01770229671352
3,18,12,3,1,100.0
2,6,8,5,5,67.4397460789156
2,11,9,2,1,79.33535941273861
3,3,22,1,2,54.76339343982506
2,11,14,4,3,98.77849086872678
1,12,19,3,4,91.29307669103639
1,14,7,3,3,82.1707685771693
2,17,22,4,3,100.0
1,7,12,1,2,64.07400471669379
2,5,18,1,5,65.79506268362078
1,4,4,5,3,49.35992677867541
1,5,24,5,4,52.73292735370318
1,6,2,6,5,50.27212861749428
2,5,5,5,3,57.30155635829362
1,22,4,7,1,84.77853941861501
1,7,16,4,4,79.88725500795029
1,5,16,5,3,75.68257411327298
2,16,14,7,5,100.0
3,2,16,3,5,72.79116184335355
2,6,10,7,3,81.11900972449071
2,15,15,7,4,100.0
2,2,7,5,3,45.64540470918425
2,5,11,6,4,82.5815591832955
3,20,22,7,4,100.0
2,10,13,1,4,79.63575726538569
1,5,2,6,3,46.730835841691295
3,18,7,5,1,100.0
3,8,2,3,5,53.24831287859843
1,6,7,3,5,51.64376120048691
1,22,22,7,5,99.53745129878853
1,15,4,1,2,67.89344216518114
1,8,15,1,4,70.45318952842685
3,15,16,1,3,100.0
2,13,22,2,3,85.32743402716395
2,13,10,4,4,93.95994766076619
2,7,17,1,5,72.82592973993441
2,20,19,6,2,100.0
1,9,1,5,5,53.71074388908619
3,10,14,5,4,100.0
1,10,1,6,2,60.145946230243496
3,4,5,3,2,53.999507014970206
1,6,7,1,3,46.77350863810618
3,24,23,7,5,83.54784527691879
1,21,23,3,1,81.89072961329747
2,4,22,1,1,52.515413974201984
2,17,17,7,1,100.0
3,1,11,2,2,53.83808318556969
3,4,22,6,3,71.80631957804952
1,22,5,5,1,77.68388342867057
1,23,6,1,2,60.463405077729526
3,11,7,2,1,76.21498997652958
1,3,15,2,2,55.33800842094636
1,18,17,5,1,100.0
3,7,3,4,3,64.86247420492668
1,19,18,1,5,99.92418793014279
1,20,13,7,5,100.0
1,22,14,3,2,93.04276065839154
3,6,10,7,5,82.00376940063072
3,9,20,1,3,87.13105239022538
2,22,3,3,2,70.96695167519213
2,8,20,4,2,86.20092139137905
1,6,6,6,4,58.55655587263111
3,19,16,5,3,100.0
1,14,19,5,3,100.0
2,13,18,1,1,93.2342998660731
2,20,1,6,2,85.10529196609392
3,6,18,5,1,94.03227909294039
2,18,9,7,3,100.0
2,19,11,6,4,100.0
2,19,21,3,3,100.0
2,10,13,7,5,100.0
3,10,13,2,4,95.89620448102593
1,19,12,1,3,91.67941611963319
2,21,21,5,5,100.0
3,13,9,5,2,99.72292063769338
1,18,22,7,2,100.0
1,12,21,2,4,85.86394480038419
2,21,21,3,4,99.5837539944413
3,13,3,4,2,84.65824336503476
3,6,8,4,2,68.09541897438105
1,16,19,7,1,100.0
3,8,6,4,4,75.1962285643741
1,24,10,2,1,71.75812473768207
3,3,4,1,3,32.67576899934815
2,24,18,6,5,98.17439746773516
1,20,20,7,3,100.0
2,2,14,3,5,60.16724664461284
2,7,16,4,3,83.9429293475638
2,11,22,5,5,92.59683164304165
1,18,11,4,3,100.0
2,5,9,6,4,72.87001834130612
3,24,2,6,3,71.5905599287758
3,24,8,4,3,78.22927723062526
3,2,22,2,5,48.127183550846226
3,19,20,7,2,100.0
1,23,4,5,3,69.92653884422279
3,19,14,6,3,100.0
1,13,1,3,3,57.39467220155463
2,19,18,5,3,100.0
2,19,5,7,4,90.82212449421151
3,20,20,3,2,100.0
1,21,21,6,2,100.0
3,9,6,5,2,84.76577554356987
1,2,1,5,2,35.54964717139796
2,2,21,1,1,49.69199553476236
1,17,10,1,4,88.68475627065676
3,23,6,5,4,77.42372711317584
1,6,11,2,3,65.73033670646699
3,10,19,5,1,100.0
2,11,11,2,2,88.53960622064643
3,7,2,6,1,61.78416513192717
2,15,1,5,4,77.47149484743908
3,24,3,7,2,74.85321445202679
3,21,10,4,5,100.0
2,17,14,1,2,96.65904581722377
1,1,12,5,5,59.56020363671601
2,16,8,1,4,82.81945165046642
2,7,8,3,1,65.46806012551642
2,11,19,6,3,100.0
2,15,22,6,3,100.0
2,8,24,6,4,76.97170336955855
2,22,6,1,3,68.96107491613873
2,24,14,4,2,94.37970100656905
3,15,1,5,4,87.36656303497463
1,17,20,6,5,100.0
1,5,5,7,1,55.936662130645466
3,6,4,6,2,63.974147047820786
2,8,9,3,4,72.34279060080202
1,20,14,6,5,100.0
3,17,2,6,4,92.62599252848979
2,15,8,1,4,86.30325248950442
1,3,2,2,4,23.701923623769808
3,1,3,4,2,44.53831846224684
1,10,4,3,4,64.39631274105315
1,6,22,7,4,76.19377112826487
2,16,13,5,5,100.0
1,13,16,2,2,95.92055567463848
2,22,17,1,5,100.0
2,16,11,7,5,100.0
3,9,17,3,2,99.34109695501527
1,2,20,4,4,63.958373261402876
3,12,4,4,4,79.73285156006493
1,6,2,3,2,35.618811455971304
2,17,3,1,2,66.15247290181333
2,12,8,3,5,80.53002649848182
1,17,9,3,2,89.05967742608408
2,22,21,6,4,100.0
2,15,22,1,4,83.35900306490997
2,6,8,6,5,74.50603227651196
1,10,4,2,1,57.544604770217354
2,17,16,7,2,100.0
1,10,6,1,1,57.58595207801018
3,11,23,2,2,83.38276726812046
3,16,13,7,2,100.0
1,1,15,2,1,53.877175031393996
2,1,20,1,1,50.91721195124702
1,8,10,5,4,78.61388042829746
2,11,16,5,4,100.0
3,18,15,3,5,100.0
1,7,2,1,1,41.336777142429426
1,15,4,5,2,79.19771037569451
1,22,19,3,2,95.08500750043787
2,9,2,1,1,47.794700965160786
1,9,10,6,4,84.05770106923356
2,3,22,4,3,54.21690696160082
3,7,12,2,5,70.66900534188922
3,20,10,2,1,93.5752641112711
1,8,23,2,5,57.31642658261429
3,15,19,7,4,100.0
2,14,17,5,3,100.0
2,20,17,4,1,100.0
3,1,21,6,4,76.3967863523653
2,7,9,5,2,71.97374058963184
1,1,10,6,2,58.64469069740726
3,14,1,7,5,84.62957144581364
1,17,13,6,2,100.0
2,17,1,1,2,69.23618790589649
3,7,18,2,5,80.12412168619167
3,24,4,1,1,55.513702058256
2,21,19,6,5,100.0
2,18,1,6,5,78.42977679270545
2,7,21,6,3,84.81555113102664
1,3,14,3,1,58.10193210006249
2,11,14,4,3,97.69246279927728
3,6,11,5,2,80.61640893295282
3,9,22,4,5,90.44650368644668
1,5,8,3,4,58.57428528551223
2,16,10,7,2,100.0
2,7,17,4,5,85.3586600501315
2,5,8,4,3,60.737166002651286
1,6,9,4,4,63.10330357545848
1,23,23,7,5,78.92802063857378
3,17,18,7,1,100.0
1,3,12,5,2,63.29953132843143
3,7,14,2,4,81.58436036017429
2,3,1,4,3,38.12628853943122
1,22,14,1,5,85.18217379711493
2,13,4,3,2,75.98681067501522
1,24,19,6,5,86.90420990409254
2,1,10,2,4,48.46613582698222
1,13,18,2,4,92.53254014730086
2,14,9,6,2,98.79265481284682
3,17,22,6,3,100.0
3,3,2,2,3,37.59723424509672
2,2,1,3,1,33.92788661070953
3,18,9,1,4,98.28869682384654
2,4,24,2,4,37.65335636369268
2,6,11,7,2,87.91735171391778
1,16,8,5,4,93.91002751973852
1,3,24,6,3,53.56950226915429
2,21,23,2,4,82.69844190882318
1,24,2,1,1,42.041212131922926
3,14,17,3,1,100.0
3,16,13,2,4,100.0
1,11,24,3,1,62.391129558489034
1,20,15,1,3,92.95701788798154
2,13,6,5,4,90.78281540457145
1,4,3,7,1,41.97614382861519
3,21,11,3,4,97.60941448385434
3,22,4,3,2,81.21601560474676
3,11,22,7,4,100.0
1,8,17,1,5,70.2354534031857
2,1,17,4,2,70.38039088782982
3,19,23,3,2,94.01166043273057
1,6,16,7,1,82.53675251660424
2,17,24,6,5,96.16227670617332
3,12,13,2,3,100.0
1,4,10,1,1,50.22121810939482
2,24,24,5,2,72.7530860433231
1,2,6,6,3,53.09108307315636
1,19,9,7,3,99.93553049949183
2,12,9,1,2,79.60495999868196
2,10,8,6,1,89.09460736676562
1,2,11,4,1,59.00714227439965
1,6,16,1,2,66.9036090056563
1,1,23,6,1,50.435165587241215
3,13,5,7,1,88.89100899140186
1,3,20,2,1,58.06793514595794
3,21,8,3,1,93.61525013065813
1,3,15,3,2,61.48897472273741
2,21,17,7,5,100.0
3,17,18,3,5,100.0
1,23,13,6,3,97.14684931505323
3,5,9,4,1,70.49276653063129
2,9,1,6,3,67.40747245453413
3,1,10,5,5,58.616440280766845
3,6,14,3,1,75.758880017337
1,22,17,2,5,93.53656629776887
2,12,6,6,3,89.95911479403188
1,24,12,5,5,83.24320495976589
3,2,18,2,1,72.8234904748138
3,3,5,4,1,53.68346662220438
3,8,20,6,4,100.0
3,15,6,1,2,87.40065388028444
1,24,20,3,3,77.17632854280455
2,2,9,7,3,64.35410593914757
1,19,22,5,1,95.76863240664282
3,20,21,3,1,100.0
3,22,23,3,1,87.59579407657363
1,18,8,6,1,100.0
2,15,13,4,5,100.0
3,1,23,6,1,65.5079804575936
1,22,21,4,1,94.37220934248543
3,11,6,4,2,82.4182962296678
3,6,19,7,1,94.77527245207091
1,5,19,5,5,73.90711309070397
3,5,8,6,4,79.64340749297295
3,21,10,6,4,100.0
3,24,21,5,2,92.53057408481835
1,19,1,5,1,72.42117694989294
3,19,11,6,1,100.0
3,19,22,5,4,100.0
1,9,3,2,5,49.93777248360803
2,5,18,4,4,76.35120471356895
1,19,2,2,2,65.09814636476595
3,6,24,5,3,63.660980233909584
1,16,9,5,3,98.78264163803357
3,7,14,5,5,86.3347726402425
2,9,9,3,3,71.95315889099244
2,6,22,4,5,66.2414696186947
2,21,11,4,5,100.0
1,8,18,6,2,90.90727938129972
3,9,11,6,1,97.54885492889997
3,11,3,4,1,69.84353803479831
2,10,20,3,4,91.83646867542447
3,7,15,7,4,100.0
2,23,24,4,2,75.61566919044502
1,16,23,3,1,83.30999082933079
3,14,14,4,3,100.0
2,15,11,4,5,100.0
1,20,9,2,2,84.76758743898068
3,12,9,4,1,89.99402084977962
2,10,24,3,1,66.69854795111067
1,24,23,3,4,59.31737961875019
3,1,19,5,2,76.97887193223242
2,4,21,7,1,76.70788907300687
1,18,7,5,2,92.75342327919054
1,18,1,7,2,84.9828871319759
1,9,24,1,5,52.75121015449803
1,24,22,5,2,75.34507869740526
1,20,9,7,2,100.0
3,22,9,3,1,90.28127253117427
3,18,21,7,4,100.0
2,5,18,2,5,70.40737571656126
2,2,4,3,1,41.38177213308136
3,17,16,3,4,100.0
1,4,8,5,4,54.76899451674283
3,4,24,7,1,63.54790400435149
1,21,21,6,2,100.0
2,17,17,1,4,100.0
1,17,19,6,2,100.0
2,5,1,2,4,27.406382926690053
1,20,23,3,1,83.51914528178715
1,22,23,3,5,76.2777636863256
3,17,1,7,2,93.65624608519177
3,18,16,2,2,100.0
1,21,15,5,1,100.0
3,10,17,7,1,100.0
1,10,12,6,1,92.77157645090396
1,16,10,4,4,97.10572120209432
3,17,16,6,5,100.0
1,19,10,5,2,100.0
2,13,2,5,5,76.87246639039702
3,24,15,3,2,87.50456161670712
2,17,3,6,1,89.11958946251262
1,12,16,6,2,100.0
1,1,9,7,4,52.92430028757861
2,3,2,1,3,31.239568271022165
1,21,16,2,2,89.60017042321296
1,23,23,1,2,59.858753781983495
2,16,22,7,2,100.0
2,17,21,3,4,100.0
3,16,13,3,2,100.0
3,24,23,2,4,75.74660865741912
1,12,7,1,2,66.80770947446888
3,20,22,1,3,94.21619487894336
2,9,16,2,1,86.25947389286803
2,21,14,3,3,99.76029741071238
1,18,23,3,1,87.08726644516258
3,16,15,6,2,100.0
1,15,24,5,3,72.21438647056765
3,13,8,2,3,88.88054290666503
1,11,24,3,3,63.29192488395062
2,4,5,5,4,44.21904210494315
2,3,6,1,4,39.7240784065672
1,8,24,3,1,53.26599175281094
2,20,3,6,5,88.68736101887824
2,8,10,6,5,86.09664513283862
1,22,17,3,1,94.67826929305077
3,20,14,6,3,100.0
2,18,4,2,4,74.72536328215376
1,2,2,5,4,36.33949652806127
2,2,22,3,1,53.087208274566656
2,18,3,2,4,74.58503225590516
3,21,3,3,5,76.12979264443224
2,17,23,7,5,100.0
3,7,8,7,4,83.7698901013548
3,13,6,6,5,97.73013925714463
3,24,9,2,1,79.48504694751722
3,18,15,2,2,100.0
1,10,3,4,2,60.25818774396357
1,14,5,4,4,73.48770660409572
2,16,10,4,1,100.0
2,12,16,2,2,97.38114741992229
2,10,11,5,4,93.38315009714788
1,10,18,3,4,86.5620617116035
2,8,9,5,5,74.44452924494273
3,22,19,3,5,100.0
3,14,24,7,2,100.0
1,14,20,5,2,100.0
2,5,14,6,1,87.02784029187013
2,6,15,1,3,73.82268651688857
2,15,21,1,1,93.41819623401351
1,8,17,6,3,92.09273901547996
2,8,19,4,4,89.43228119257753
3,11,15,6,3,100.0
3,23,21,2,5,89.6520813647238
1,1,21,6,3,61.765926856437034
2,3,22,5,2,64.0605726746317
1,6,5,2,4,35.92511858224004
2,8,19,7,4,93.06669221767565
2,11,13,1,5,80.95389611880313
1,17,12,6,3,100.0
2,8,19,7,3,100.0
2,14,8,2,1,87.08391111115736
1,12,7,7,5,89.41160181757068
1,3,5,7,5,52.46995867941374
2,1,16,2,2,64.81331700360485
1,14,10,2,1,86.6211324076897
3,6,8,1,4,59.22454355884634
1,6,24,4,3,51.96362352067779
2,16,19,7,5,100.0
1,10,14,2,5,85.64211357222554
3,12,3,2,4,70.5056779327168
3,7,20,6,5,91.52678564564003
2,3,23,7,4,68.09368121019081
3,1,14,5,1,72.07995939944622
1,19,20,7,4,100.0
3,2,17,5,5,78.08941482682309
3,21,14,3,4,100.0
3,24,23,3,5,72.24098085853464
3,24,12,4,1,91.36493963762258
3,7,10,5,2,80.63503808491795
1,1,7,5,4,43.27843353100933
3,8,14,2,4,84.85745832074153
2,1,22,1,3,40.77584488906426
3,9,14,2,1,89.03954259337758
1,20,18,7,3,100.0
1,15,19,1,2,97.41105174238002
3,21,11,7,2,100.0
1,13,23,4,3,84.25214144714232
3,19,3,4,3,85.33364993215932
2,2,7,5,3,48.921978772513626
3,1,21,1,1,52.313355478538384
3,5,7,4,1,63.954332139700064
3,24,4,2,4,60.18858050157518
1,12,16,3,4,100.0
1,23,2,4,5,57.75379979818099
3,23,6,7,2,88.79713499760913
2,24,6,3,2,66.7629152642361
3,7,20,5,5,87.23731511836898
1,24,23,6,5,72.33319279872283
3,5,11,7,3,89.44125926585237
2,23,24,6,5,77.85250652608175
3,14,8,7,5,100.0
1,12,13,2,2,87.50111099333783
3,17,7,2,4,92.97911805879497
2,6,23,1,2,52.19117420814536
3,4,21,2,4,58.08201855373948
2,3,7,6,4,56.075661917260454
1,19,11,6,4,100.0
2,10,22,5,1,87.7213241862661
2,23,22,4,1,91.80163017791563
2,10,11,2,5,82.3664327321731
2,8,5,4,3,59.06172765987747
1,10,14,2,1,81.4545227036817
2,4,12,3,3,65.67725942571315
1,24,23,5,1,71.8300509820613
1,8,9,4,1,73.42878555266978
3,11,7,7,4,99.9419926461271
1,7,14,1,2,68.22238231895969
1,19,1,3,4,63.972658541490745
1,12,3,6,3,68.45982212619809
1,13,20,7,3,100.0
3,18,5,4,2,93.98613874529167
1,7,14,1,4,69.82749452436975
3,11,4,3,2,72.11584091690725
3,23,4,7,3,84.8676888326094
1,10,1,4,3,55.51384941744513
1,1,20,3,5,59.37541503150209
2,12,11,2,1,88.75284233636285
3,16,23,2,4,90.69646216680746
3,2,11,4,5,66.95402353711073
1,19,23,4,4,87.53101572976402
1,2,3,4,1,31.014562379355485
3,3,21,1,2,60.21520440898771
1,15,16,3,4,100.0
3,1,18,7,2,82.25891375507992
1,2,1,6,4,34.89081843232592
1,2,14,7,4,73.6488660795332
1,20,12,6,1,100.0
1,14,22,6,1,100.0
3,6,3,2,5,48.83324249871237
1,2,5,3,3,29.680101893958593
1,4,3,5,2,41.14117295178866
2,4,22,3,3,58.437910566424556
3,6,14,7,5,94.61343845733239
2,18,5,7,1,100.0
3,12,9,2,3,90.05756389244934
1,21,1,1,1,50.45837942191886
3,20,16,7,2,100.0
2,4,13,4,4,72.10367840446891
2,12,1,6,4,69.75023921677983
2,5,4,5,1,51.08372688296217
2,8,9,4,5,81.27019265901613
1,18,23,3,5,90.84935218001549
2,14,23,3,4,84.96246467249355
1,17,8,6,1,99.64081816614294
1,6,23,2,4,51.78268009021358
3,10,21,5,4,100.0
2,18,7,2,4,88.97728700899637
2,1,20,1,3,55.34488251671028
1,23,10,7,1,95.27364106003974
1,14,5,3,1,74.44662034829238
2,11,18,3,1,94.32982631646244
3,16,10,4,2,100.0
3,2,2,3,4,37.292128413121056
1,9,21,3,2,85.89543227281476
1,19,16,2,1,100.0
2,11,22,4,1,89.85344332815635
3,18,23,5,2,100.0
1,9,9,3,1,68.81463954092911
1,18,13,6,2,100.0
2,10,24,4,4,71.95314511930029
2,6,9,1,2,63.031150780670785
2,8,24,2,2,58.33354289504322
3,21,23,2,1,89.38046582885173
3,11,15,3,3,100.0
2,7,17,2,2,78.16746475955911
1,4,7,4,1,47.28655925969137
1,4,22,5,5,59.13982645918276
1,18,18,4,5,100.0
1,6,9,4,5,64.99177998400086
2,24,13,2,4,83.81360670152068
1,19,9,7,4,100.0
2,12,20,6,2,100.0
2,3,5,5,2,48.6351224910528
2,2,24,6,3,51.341296970153074
3,17,3,3,2,85.25218182434408
3,8,11,7,5,100.0
1,9,17,6,4,100.0
2,13,24,2,3,68.04507253297312
3,20,9,7,3,100.0
2,7,8,1,1,62.37836975860513
3,14,5,6,1,93.93051668962867
3,24,23,4,2,75.81989383770964
2,3,14,6,2,80.0683059096962
3,4,16,3,5,77.60788941414557
3,1,7,3,4,50.895409246455344
1,18,10,3,2,95.2423406056204
2,8,21,5,2,87.74767458164338
3,17,16,5,2,100.0
1,12,10,7,3,99.06076618430436
2,2,3,5,5,41.23945680793638
1,12,9,2,2,73.53343864222248
1,18,15,1,3,100.0
3,16,17,6,5,100.0
2,17,9,7,4,100.0
1,4,4,5,2,46.60265641653063
2,14,20,7,3,100.0
3,7,2,6,4,59.81231245685841
3,2,7,6,3,64.8513461900355
1,14,4,4,3,79.79743711784553
1,1,8,5,5,50.07806135509782
1,18,9,6,3,100.0
2,21,13,2,1,100.0
3,17,22,7,1,100.0
2,8,14,7,4,98.69846520251278
1,18,2,6,1,81.01737843246848
3,1,17,4,1,75.1243028009292
3,14,17,4,2,100.0
1,6,12,5,1,77.88858489650386
3,22,14,3,5,100.0
1,16,2,1,4,66.41588458308985
2,11,8,1,3,72.86495827895075
1,11,1,3,1,60.41556392235443
1,12,22,6,4,91.39649913948087
3,7,7,7,5,82.88436563486698
1,6,3,3,4,33.73729522700179
3,5,7,3,5,48.9551936926204
3,22,10,5,5,98.16751532195778
3,17,9,2,5,99.28194535752674
1,15,2,6,2,77.86480520384981
2,14,10,4,1,96.6192077656675
2,24,20,6,5,93.16838310671149
1,4,10,2,4,48.13165593860921
3,10,16,3,1,97.13119894057974
3,9,20,6,2,100.0
1,5,7,3,4,44.98113507688196
2,20,6,7,5,95.54943113297047
1,11,20,6,5,100.0
3,5,16,7,3,96.13525147274387
1,18,1,2,5,66.35547149473835
3,13,18,5,3,100.0
2,21,22,3,5,86.80366171132509
3,24,13,3,5,91.98061543083188
1,12,4,6,5,74.51598466833683
3,16,13,6,3,100.0
1,18,1,6,4,82.31937816273322
1,23,10,5,5,77.62453696458567
3,12,13,5,3,100.0
3,18,6,5,1,99.1751320282184
1,24,12,6,3,87.97285699460447
3,6,8,1,2,57.68055774502763
1,24,15,1,2,75.33909821254403
1,15,10,1,1,87.26791838692591
2,10,19,6,3,100.0
2,7,15,3,5,82.31783732214464
3,8,2,4,4,63.10565559560261
3,13,13,1,1,98.24883042343755
1,17,23,4,5,88.76387896570242
2,5,7,2,1,47.480930039920985
1,16,24,5,5,87.31380412953614
3,23,4,5,5,80.37942755949163
1,21,7,2,1,72.90549383280982
1,16,4,2,3,73.0314101101085
1,9,12,4,2,78.43701331370269
1,15,10,4,3,98.92171227133038
3,9,16,7,4,100.0
2,4,4,1,3,34.07980258034381
2,9,17,1,1,89.87239138774571
1,21,19,3,3,100.0
3,8,7,4,3,74.23011636899119
1,11,22,4,4,83.35699012804436
2,12,12,1,5,83.92583312760642
3,4,21,2,4,64.07247569632106
1,10,16,5,1,98.54737151450097
1,13,10,5,2,95.84373407620582
3,10,4,2,5,63.13427369105607
2,16,24,7,1,98.7627943036685
2,21,16,1,1,100.0
3,3,9,6,2,65.47684183716717
1,2,24,3,5,34.89062553637389
2,13,8,1,3,80.16888499686605
2,24,2,1,1,50.458652171513165
2,17,5,4,3,91.4421074152452
1,19,11,5,1,100.0
1,7,6,7,2,63.89593884553636
3,6,3,5,2,62.040197724345035
2,2,23,4,4,51.42607212303055
2,4,20,5,3,79.59396822224437
2,4,7,6,1,61.134783398472216
1,4,13,3,3,66.1697116551358
1,9,18,4,5,78.66063459684823
1,10,4,3,5,56.29233811386754
2,1,21,6,4,65.62848060446373
2,1,15,1,4,55.6816973404774
2,5,14,7,4,91.45811838666076
1,6,2,4,5,35.58375953751119
1,16,8,4,1,92.88997867477747
2,16,7,3,1,84.74400040254915
3,17,5,2,3,85.39129036747889
2,14,5,1,4,73.83575541092824
2,3,10,7,3,73.52947943218095
2,14,4,1,4,71.37800735518528
2,6,18,1,5,69.62514968981883
3,3,16,6,4,76.35739113472793
3,1,3,3,3,38.14204331436448
1,19,9,4,3,98.76284031474137
1,18,11,7,5,100.0
2,23,18,6,5,100.0
1,19,4,4,1,79.04960873749337
2,3,13,7,1,75.25067107281977
1,5,12,3,2,59.09195574624903
3,16,18,6,2,100.0
2,16,11,3,5,100.0
3,2,9,3,3,60.678792905329026
2,24,12,4,1,86.86732084158052
1,24,11,3,4,77.11862156739045
1,3,6,4,4,42.70618296811992
2,2,8,6,1,57.55148923487662
2,17,5,4,2,92.31460457103144
1,8,11,7,5,78.71945383049442
2,5,19,7,4,83.67471014446885
1,11,21,5,1,86.85320787297941
1,7,7,3,4,57.25787081570425
1,9,15,6,3,93.70163545136799
2,23,24,6,5,84.08098699628638
1,7,11,3,1,68.75345131285026
3,9,23,5,4,85.85722164812053
3,18,18,5,1,100.0
3,12,4,4,5,76.25370606623648
2,10,12,5,1,92.95990856579313
3,1,9,4,4,52.92709950076182
3,7,10,5,1,89.10654810863576
1,8,11,4,4,76.20852926287426
1,20,13,2,5,92.37784020083048
3,10,19,3,3,99.29343598752753
3,9,23,1,1,67.27695603902555
1,18,24,2,2,81.58342653480815
3,2,5,5,2,52.72467916396628
1,4,8,1,1,41.09715585530647
1,21,6,2,1,74.5731087350977
1,21,13,4,2,99.39503169620059
2,10,19,5,1,97.6363607948719
1,6,7,7,3,66.47996605723687
3,17,19,6,1,100.0
1,19,19,1,3,93.18190249304993
1,16,21,3,5,95.32521949218582
3,12,22,4,1,99.05219893410683
3,5,14,4,4,82.41030159304582
2,5,20,2,3,65.90726046452544
2,10,19,2,4,87.35066701071297
1,19,15,2,4,100.0
2,8,14,2,3,88.48999752907449
3,10,22,3,3,86.93010287390749
1,4,24,6,4,48.53561417205788
3,24,18,1,3,81.88777730190868
1,16,23,2,4,75.97212809622299
1,3,15,3,3,57.91761866475278
2,2,22,5,2,64.1821663933234
1,16,17,5,1,100.0
2,23,11,5,4,92.64921250742061
2,10,19,5,5,97.33798318135108
3,8,23,4,4,73.81499803829462
1,16,23,2,5,85.22372899896833
1,3,11,7,2,68.57528642988773
1,19,17,1,4,96.31499106678764
2,15,13,3,5,100.0
3,24,20,2,3,88.89286556372831
1,10,2,1,5,43.022467429902576
2,23,4,4,2,69.1648007573344
1,12,5,4,4,75.70338068691562
1,11,8,2,1,75.89416311407915
3,9,24,7,1,84.24183362973518
2,5,20,1,5,62.13220817529863
2,12,20,3,4,97.02947135977624
2,21,21,5,5,97.28972268332801
1,2,11,5,1,53.169042930888175
1,17,12,1,3,96.37586570398155
3,6,17,7,2,97.46910096692913
1,16,9,2,4,86.36697096638875
1,1,6,2,3,28.024648752667282
1,18,6,5,4,87.48287369759929
2,6,6,1,2,51.342999586104476
3,15,19,1,4,100.0
2,12,15,4,2,100.0
2,2,22,7,3,63.953001840975766
2,19,24,6,1,93.85612336491315
2,6,16,6,3,91.55443366510093
1,17,23,2,2,86.13205333328621
3,14,13,7,4,100.0
3,6,10,6,1,84.4735177070078
1,20,7,6,2,92.02406132782798
2,6,12,4,2,75.28483365832291
1,11,3,5,2,61.22106304920643
1,10,22,7,1,91.78911344762379
3,22,19,1,2,95.2113686838896
2,13,5,2,3,74.68182192948748
3,4,17,7,3,94.43739651529779
2,1,18,2,3,46.79231183944914
1,17,16,1,4,97.81683856993023
1,12,15,4,1,94.94949371089396
1,7,21,4,1,74.13853561996191
1,21,6,5,3,85.29531926009733
2,8,16,1,3,79.11552514365304
2,23,2,6,5,65.88758637095881
2,15,2,7,1,89.79909206562849
2,21,18,1,2,100.0
1,14,24,1,5,62.390404839780736
3,5,7,2,5,58.933339049292385
3,15,8,2,5,92.63127933903606
1,7,21,7,3,84.98189726829715
2,24,10,1,5,67.06236824962764
2,19,6,4,3,87.46812842806713
2,4,11,3,4,58.729738690359376
3,7,13,2,5,74.07792518720115
2,20,17,1,5,100.0
2,11,14,2,2,91.7130964591239
3,9,22,3,1,81.63676819351892
1,4,18,3,4,69.56464189633782
1,18,17,6,4,100.0
2,24,14,1,5,80.86212057929401
3,10,19,3,2,96.89452145152175
2,18,6,2,5,84.94860547540297
3,18,7,4,4,96.32752324204809
2,20,24,2,2,75.526825108701
2,15,19,2,5,95.61072458729856
1,20,1,4,1,62.78351338275079
2,9,10,6,3,93.36310189660682
3,16,16,2,4,100.0
2,22,4,5,2,83.25595875939538
2,23,7,6,4,85.30053798442238
3,21,10,2,2,92.85137254216357
2,16,11,5,1,100.0
3,5,18,1,4,73.7823954509423
2,1,8,7,2,63.864331079954326
1,8,14,6,1,87.34199590170073
3,7,21,1,1,69.16879826463675
1,13,3,6,5,75.3310880334482
1,7,23,5,2,59.460593946251194
3,20,15,4,1,100.0
2,4,8,6,2,63.882615152576484
3,3,21,3,5,60.15345315028748
1,5,8,7,5,65.16476059843988
1,12,5,3,3,69.40213276037129
3,1,13,7,4,81.3404192088686
2,9,17,2,3,87.041723669997
1,10,23,7,5,80.60345203988429
2,6,7,5,4,67.04930537498441
1,12,7,2,2,74.37184548722846
3,12,19,4,1,100.0
2,8,24,1,3,54.495984858245606
1,17,2,1,4,63.91550173124754
2,17,20,1,5,94.69296682684273
3,5,2,7,1,64.20377133525741
2,21,18,5,3,100.0
3,16,18,4,3,100.0
3,17,20,3,5,100.0
2,6,16,2,1,72.62245128053867
3,20,23,5,4,97.54001808437977
3,9,9,7,2,95.16678554927195
1,3,4,2,4,29.162035871307495
3,6,24,1,1,51.52784704119734
3,21,6,5,1,96.90830922423163
3,6,16,3,2,84.26510777238306
2,15,17,3,4,100.0
2,8,13,4,5,85.17824760925777
2,18,14,1,2,100.0
3,6,16,7,2,95.5429021334768
1,8,10,3,3,71.27854268266003
1,5,3,5,1,47.524792002735204
2,9,3,2,4,53.75035927337214
2,4,9,7,2,74.04687606435716
3,16,18,3,2,100.0
3,20,13,7,2,100.0
1,4,3,4,1,40.252211040221816
1,3,2,2,5,24.319869772712604
1,14,10,2,5,88.46963082021512
3,14,8,2,2,91.50654641539688
2,9,2,5,2,69.98409598358761
2,14,23,7,4,100.0
1,6,4,1,2,35.571625203713985
1,4,11,5,4,64.69849576905756
1,8,2,2,1,39.52361400484784
2,21,11,1,5,85.7769572573304
3,21,3,4,1,87.95734038532498
1,22,1,4,3,62.04452679247987
2,6,19,6,3,87.78967026288655
3,11,12,3,1,99.65662587753967
2,22,20,5,4,100.0
3,19,13,7,5,100.0
1,21,23,1,3,72.18286554443452
2,16,8,3,2,96.53920463552481
1,8,19,1,2,72.62963796658816
2,11,7,2,4,66.44956525262302
2,9,6,1,5,58.28135531121357
3,23,18,5,1,100.0
2,17,8,2,2,93.92188910245324
2,19,7,7,4,100.0
2,18,1,3,3,74.43300342070806
3,7,8,1,5,65.69246353989043
3,10,4,2,1,64.28926607404486
1,12,10,3,2,85.18641345835029
1,6,5,7,2,57.84039538324897
3,8,20,6,2,100.0
3,19,22,3,5,100.0
1,13,14,6,2,100.0
3,5,12,4,5,74.44585979239032
1,18,8,4,5,93.93829885950223
3,22,9,7,1,100.0
2,8,4,5,3,66.77427205595544
3,24,8,3,4,76.47772964995231
3,16,21,7,5,100.0
2,22,10,5,5,92.2616910316837
2,14,19,4,4,100.0
1,4,2,3,4,29.960081020727436
3,10,11,1,2,90.26988266141886
3,24,1,6,4,65.20176702095183
2,22,21,7,1,100.0
1,23,17,3,2,95.62230116643737
3,23,22,1,1,78.62431323689518
2,20,20,6,2,100.0
1,3,6,7,3,58.348104906946595
3,13,18,7,5,100.0
2,24,2,3,5,56.98283400854558
1,20,24,6,5,86.58731407930182
1,20,3,2,4,72.46045185136347
1,11,6,7,4,82.40838754175186
1,13,24,6,4,89.81134074903142
3,16,21,7,3,100.0
2,20,13,4,4,100.0
2,1,18,3,1,67.98447908785057
1,3,14,4,2,56.51497758318838
2,3,8,3,2,56.20766812692468
3,8,5,4,3,63.37811654259809
3,1,8,4,3,57.89041446384636
2,14,1,6,2,82.36560525078906
3,12,8,2,2,93.63437674936917
1,20,22,4,5,91.54386994591783
2,21,16,6,4,100.0
1,17,22,3,3,93.50297365428295
2,17,5,6,1,96.67534939622803
1,13,15,1,4,89.9421692987579
3,16,17,3,1,100.0
3,14,23,7,1,100.0
3,15,15,2,3,100.0
1,15,9,4,5,92.24323821105162
3,6,9,7,1,87.71257745146747
3,13,18,5,3,100.0
3,20,5,4,1,87.13771634050602
1,17,8,4,4,90.82030849793202
3,21,6,4,5,95.19935422764878
2,10,21,6,1,92.6945037026577
2,23,3,2,5,57.644755494805466
2,16,11,7,2,100.0
1,16,3,6,4,83.98890183189526
3,4,20,7,1,91.56515487100081
1,14,14,3,4,98.60271364003763
2,1,12,5,4,68.53476435689403
2,14,8,1,2,89.00230176621979
3,14,10,2,4,97.48937580312689
2,12,22,6,5,100.0
1,9,10,5,3,78.8154456942049
2,17,1,4,1,84.21843436178295
2,4,3,1,5,30.07742157238336
2,2,15,2,3,57.26791580632964
2,21,21,4,4,100.0
1,19,8,3,3,90.93726335577995
2,3,12,2,2,51.2186408512943
2,3,2,5,3,39.12524026198897
1,20,24,2,1,67.54722843621215
1,17,12,5,2,100.0
1,14,2,4,5,69.86425971017681
1,9,21,2,1,68.43133416500396
3,9,4,5,5,71.08291692367739
1,18,1,5,4,71.4269137945778
2,7,22,1,2,60.03092271384014
1,10,8,5,4,78.51359694450039
3,15,22,4,2,100.0
3,14,7,6,2,100.0
3,21,10,2,4,98.98927517871172
2,20,5,5,3,91.85758447630053
3,19,8,4,5,100.0
3,17,5,1,4,80.54028363089495
2,6,23,5,1,69.41453246294076
3,6,6,6,5,75.09563307483924
1,13,15,7,4,100.0
2,20,1,3,4,71.29151541717613
2,24,1,7,4,61.21386392751374
3,18,10,4,4,100.0
3,12,17,6,5,100.0
2,14,24,2,2,78.88450297108277
3,3,2,6,5,47.54440534227366
1,10,24,7,4,74.06476659552636
2,20,9,2,2,87.7712379255359
1,5,18,7,5,83.64941932415084
2,9,10,3,4,76.73783482631151
1,11,14,1,1,79.64102509235242
2,6,21,4,1,73.39113130566378
1,7,10,3,3,70.85583350987557
2,6,21,4,4,68.25862304016061
1,3,8,3,1,49.79313565071329
1,20,13,7,3,100.0
1,19,17,4,1,100.0
1,1,16,7,2,78.06024969375012
1,11,20,3,5,87.07946706417987
1,12,9,6,2,95.5556100224072
3,24,19,3,3,88.85984461922585
1,3,9,1,3,44.60177742252524
1,17,13,2,2,100.0
2,20,8,6,2,100.0
2,6,3,6,3,54.80938371050657
2,15,9,7,3,100.0
1,15,4,2,2,72.81918990992304
1,5,17,1,3,68.00402968404435
2,2,4,2,3,31.739829378058825
2,12,10,2,2,85.94596442452523
1,6,23,6,5,62.362368376963126
3,10,11,5,5,100.0
2,5,3,3,4,42.70469720562276
3,6,22,2,3,64.89386933564842
2,22,1,1,3,54.47870677920951
2,8,18,1,2,75.01581111710311
3,9,16,2,2,88.7025725764999
3,3,6,6,4,62.46671513054498
2,9,5,5,1,68.17039373932538
1,11,24,1,2,61.34023348840224
1,13,19,5,1,100.0
1,8,16,2,3,78.05049064956208
2,15,7,6,1,96.10121454790158
1,24,3,7,1,68.41729913374625
3,16,24,7,1,100.0
3,23,5,3,5,67.26509278805095
3,13,19,7,2,100.0
3,9,22,3,3,82.64348259778126
2,3,6,1,1,35.11161019927497
2,19,7,5,4,95.80929947347627
3,13,8,7,5,98.14013817257614
2,15,14,3,2,100.0
2,8,17,3,1,88.23406001400377
2,4,12,2,1,60.96215048111148
1,14,16,6,2,100.0
3,19,14,6,5,100.0
3,11,2,3,2,69.63648599486588
1,13,5,5,4,79.60015334312638
1,2,9,6,3,60.34319280357294
3,5,14,5,5,84.73871212359711
1,1,18,5,5,63.9994910213306
2,24,6,3,2,64.51730572976595
3,23,10,4,5,91.9531000783359
2,22,16,6,1,100.0
1,16,3,4,3,77.42880865482829
3,9,6,2,5,63.78477008607041
1,20,22,1,2,83.74018857677423
1,23,22,7,2,88.65550298490186
1,2,19,3,5,53.92598501606043
3,6,13,6,3,91.71211717333388
3,24,24,3,4,67.05214438146946
1,13,12,1,1,90.43618839618283
3,18,6,2,2,93.08637633251547
2,17,9,6,5,100.0
1,4,21,3,3,63.091694238274584
3,21,6,7,3,95.02708200367614
2,12,12,6,1,100.0
1,21,9,7,1,97.3044458119307
1,23,14,6,1,96.45601296689212
2,14,24,7,5,94.8112632196991
1,14,21,2,5,92.59400500347071
2,7,16,7,5,89.83282376745763
1,24,16,3,5,80.60366998665319
3,8,24,7,5,81.99177153551155
1,1,3,6,5,40.11290476023233
1,24,18,5,4,81.55896919265024
2,8,22,6,2,83.1803133328053
2,1,14,5,5,69.26640461490891
2,18,18,1,3,100.0
2,12,19,1,4,91.22188790782249
2,8,13,5,4,89.5357474606006
3,7,2,3,1,53.48410550350329
3,14,12,6,4,100.0
3,17,13,3,2,100.0
2,17,15,4,2,100.0
1,23,17,4,2,94.58339902603983
1,4,19,1,4,60.44520405092614
2,19,18,1,3,97.83638959482988
3,7,22,5,4,84.06426420205344
3,1,24,2,5,40.12650493624032
3,24,21,7,3,100.0
1,13,11,5,4,99.5248036536992
2,12,17,3,1,100.0
3,19,20,4,4,100.0
1,24,3,5,2,62.410075402569845
2,17,1,5,4,87.59808960370059
1,11,10,4,1,85.8598351222956
1,5,23,5,5,58.16826202392345
2,19,4,2,1,73.2534111523784
1,9,14,6,5,92.77249546972722
3,19,2,3,5,76.86483290309023
3,21,7,5,1,99.76578472852277
1,15,4,6,5,83.10831463472
3,22,7,6,2,98.2152647389397
3,5,18,3,1,77.66464236893655
1,7,3,5,1,47.177720610354896
2,11,20,3,4,91.29398719893074
2,22,1,7,1,75.77599900760822
3,13,22,3,3,96.37133256442738
1,8,11,7,2,90.23247570630843
3,6,3,4,5,53.101460142650645
1,17,15,5,4,100.0
2,24,3,1,3,43.31587188494861
1,7,15,5,2,86.57352781859868
1,23,16,1,3,82.40779336301358
2,20,19,5,2,100.0
2,24,2,6,1,59.903706341926
1,3,3,4,4,33.33228665471101
1,6,9,1,2,53.544093838113206
1,19,10,4,2,95.3740183244421
3,8,13,6,3,95.68905254713114
2,8,21,3,1,84.12432674250574
1,22,5,3,2,70.84032495639305
3,6,12,5,2,87.15339847375965
3,12,15,5,4,100.0
3,15,24,6,3,97.10056538812336
1,24,2,6,3,59.186341500388615
1,1,21,1,3,39.50368682998607
3,11,3,5,5,74.37694330120569
2,2,24,2,3,36.09646091550493
1,14,10,5,4,91.73942319414216
2,1,6,1,5,32.34309231592473
2,7,2,2,4,44.65096373168699
2,10,13,1,5,85.12207678264487
2,13,20,5,2,100.0
1,24,19,4,3,86.55739892964426
2,18,20,4,4,100.0
1,7,19,3,4,76.77891636391576
3,9,1,5,2,66.38274176790479
1,13,20,5,2,99.52797345263251
3,14,19,2,2,100.0
2,21,20,2,1,95.94092516151413
3,17,1,1,2,67.61500470567066
3,14,16,5,2,100.0
2,17,4,6,1,92.08323245323798
1,17,11,2,2,95.07560890917759
2,6,22,5,4,75.22552793137835
2,6,20,4,5,78.48035594863885
1,7,11,1,3,70.27295206047283
2,4,12,6,3,77.41674130887748
2,4,14,1,5,60.98630673244861
1,17,10,2,2,93.26459861178073
2,8,6,1,2,54.481048299959056
1,12,13,6,1,100.0
3,7,16,1,4,74.4325537657985
2,15,7,6,4,94.64775509986417
1,2,5,3,3,35.218480209125566
2,1,3,4,2,33.97917871517294
2,1,21,3,1,55.18459080247696
3,9,1,1,5,46.62584404143527
3,17,4,1,3,74.05411991593486
2,22,20,1,4,90.9964540998328
3,18,7,3,5,93.59486606437366
3,2,17,2,1,68.11953697119996
2,16,23,5,2,100.0
1,21,21,7,5,100.0
2,2,9,1,4,36.90766672762902
3,2,10,1,5,49.78596569207651
3,6,18,6,5,89.877230138159
3,3,18,5,3,76.07150396343731
2,20,9,3,2,92.96304257411026
3,9,1,6,5,65.40833130902861
2,9,11,3,3,80.72822453076265
2,11,23,2,2,74.12194664458517
1,22,19,4,1,100.0
2,2,12,5,4,68.70996479471121
1,22,10,4,4,83.11370554711992
2,13,8,2,5,85.81440145474956
3,18,1,1,2,70.34155078394274
3,17,7,4,2,98.31640982716824
1,12,6,5,2,81.36122402250763
1,5,19,4,1,69.93302057323592
2,23,15,1,4,87.02646061035747
2,16,10,5,3,100.0
2,2,15,4,2,66.4096340936861
2,15,12,5,3,100.0
1,11,9,4,1,80.48518030697205
1,8,24,1,5,47.722718259207255
3,17,7,5,2,100.0
2,10,21,1,3,78.1927393764955
1,19,22,3,2,91.94216260434376
2,5,2,7,1,53.417822646273486
2,19,11,4,5,100.0
1,19,11,7,2,100.0
1,16,21,3,3,98.5939588730419
2,6,11,1,1,61.88521761218394
3,21,22,6,5,100.0
2,3,4,3,5,38.47190343688064
2,17,20,4,5,100.0
3,23,20,7,4,100.0
1,22,22,4,3,91.34865454851551
3,16,18,4,5,100.0
1,10,23,5,3,80.52986083193703
2,15,24,4,5,87.74066117527809
3,12,22,4,2,93.79093019788816
1,6,19,4,3,72.95612928367319
2,15,19,3,4,100.0
3,24,5,1,5,56.25029807910261
1,13,21,2,2,90.64101389086343
2,13,1,3,5,66.58837492195151
2,5,17,6,1,84.12720268726017
3,10,5,7,2,88.44036459874305
3,19,14,3,3,100.0
1,23,23,7,5,88.57616531808094
1,16,13,7,4,100.0
1,2,5,1,2,23.729783932724906
1,18,17,2,4,100.0
2,23,11,6,1,96.05687959289912
1,11,8,6,1,90.01407592795697
2,5,13,5,3,84.65782521123458
1,6,20,7,3,82.11094251615908
1,21,22,1,3,79.25628485725589
1,10,8,1,4,67.96132406001686
3,6,10,1,2,65.8742150060316
2,11,16,7,1,100.0
1,7,3,7,5,60.548207090151465
1,15,24,5,2,83.67939600497681
1,7,1,6,2,58.06782360044262
3,6,23,6,2,70.54886166932202
3,15,14,3,1,100.0
1,9,18,3,3,80.48525279572671
2,11,4,1,1,66.24398845357793
2,11,16,5,3,100.0
1,4,13,7,2,84.67874957422549
2,23,2,2,5,56.50908296697828
1,11,11,1,1,76.04267987739941
2,19,19,5,1,100.0
3,20,22,1,2,93.80289439320437
1,10,14,3,3,90.7961457873379
2,22,3,2,2,65.74510275369673
2,11,5,5,2,84.8129621090633
2,16,2,7,5,89.83561606063866
1,24,21,6,2,92.65698911404444
1,10,2,7,5,66.71314793439772
2,16,8,5,4,96.55268278633527
2,17,3,3,4,78.50270086456896
1,3,8,7,3,63.09842845413105
1,14,21,3,3,91.31382138843304
1,12,10,2,2,79.68478285829131
2,13,22,6,2,100.0
3,15,6,6,3,99.08027615734414
1,23,11,6,3,92.72221985122727
1,1,1,5,2,24.015786164977403
2,19,1,6,4,85.01654527908345
2,5,12,4,4,66.52702031716345
2,19,3,4,4,74.5119772203256
3,17,4,1,5,81.03526473474307
3,6,11,3,1,79.64251475535717
1,15,2,1,4,62.370634775348236
1,22,9,4,3,84.41073058558824
2,19,24,7,5,100.0
1,7,23,7,1,76.12216204978107
2,19,17,2,5,100.0
1,5,8,4,4,51.79372063172868
3,23,11,2,3,85.89415242952253
3,12,13,2,5,96.87977355444653
2,8,18,6,2,98.77769621715153
2,17,20,5,3,100.0
3,11,21,1,2,84.13754987936323
2,13,11,5,4,100.0
1,2,7,2,4,39.56770282426882
3,24,16,6,4,100.0
1,10,20,6,5,87.19575055795194
3,13,17,5,1,100.0
1,24,2,4,4,53.054177670447714
2,7,11,4,2,76.84704417783114
1,10,23,7,1,82.03371108272239
3,19,16,3,5,100.0
2,15,13,7,3,100.0
3,23,14,4,2,100.0
1,13,16,1,2,94.88107622597903
2,10,12,5,3,97.20809560087625
3,2,3,6,4,45.73144427869649
1,22,16,1,1,91.61902269614505
3,20,10,5,2,100.0
3,14,22,5,1,100.0
1,1,8,1,4,36.387341822293095
3,4,19,4,1,75.33135560442939
2,1,5,2,4,32.480130593033316
2,4,22,5,3,65.43630845214217
2,17,14,1,3,100.0
3,4,10,5,2,77.79254371807329
1,18,19,4,4,100.0
2,7,16,1,2,76.84986448998414
2,23,4,6,3,72.92124213859717
3,7,13,3,2,78.65995387328614
3,23,11,1,2,91.10357080532825
3,6,7,4,1,61.517008875086695
2,10,15,6,4,100.0
2,21,7,3,4,79.91073259608183
1,16,6,3,5,78.94300138887802
2,1,1,7,2,45.52275449668297
1,7,8,4,2,64.84601007377405
1,18,23,1,1,79.45582386556991
1,20,22,7,4,100.0
2,5,13,5,1,78.6421998811129
1,8,24,7,4,68.11082101703089
2,11,23,4,4,79.76324846199346
1,6,15,3,1,66.65869687721283
3,12,21,7,1,100.0
3,10,21,5,1,93.36168246642339
3,13,24,1,4,79.55522073538684
3,18,23,1,3,87.24256625484175
3,13,20,4,2,100.0
2,1,12,7,1,73.49153464100141
1,23,19,1,2,83.09235626831564
1,14,2,2,3,61.75222337969279
1,1,11,5,1,59.276312846344204
1,19,11,4,1,99.52550583470365
3,10,10,1,5,80.91498211402168
2,2,1,6,2,38.20700783014232
1,17,3,7,4,87.78519996999611
1,5,20,2,1,64.7696155799784
2,13,9,1,3,78.38980022502476
2,13,12,2,4,89.97707539405614
1,11,8,4,2,79.73761617102538
3,13,16,1,4,100.0
1,14,22,5,3,100.0
3,10,16,5,4,100.0
2,24,19,3,1,83.02825528511697
1,16,10,3,3,94.93125532208767
3,24,5,2,3,61.304513441875116
1,17,6,1,5,74.7735540399391
1,2,17,7,4,71.52660218400571
1,23,17,1,2,84.32548989978811
3,13,18,6,3,100.0
2,17,4,1,2,73.6747244362522
1,9,22,1,4,69.1374044609278
2,20,21,3,5,96.00416989852579
1,15,1,5,2,72.86025284264662
3,9,22,6,2,94.0667672636503
3,24,24,2,2,62.65221860269222
3,4,8,2,5,58.28889867154064
1,24,12,4,3,74.3742011701586
2,2,7,2,2,46.20250530052053
2,13,13,5,1,100.0
2,17,10,1,5,95.5462449937892
2,24,24,3,3,63.76163075981245
2,9,8,4,3,83.81250817766347
2,8,6,2,4,58.82873333200489
3,17,5,5,4,96.32897614992636
2,9,24,4,3,69.25778535480805
1,16,6,2,3,72.47299683558235
2,9,24,1,5,56.84866297094461
2,22,20,5,5,100.0
1,1,13,2,2,52.75936232807774
3,21,9,1,2,87.69558775795971
2,9,20,1,4,72.10577546943927
2,24,6,6,5,74.34653215238278
1,15,7,3,5,86.42845114582295
2,12,11,6,2,100.0
2,19,6,7,4,94.48620997087215
3,6,6,4,2,60.39633137055053
2,6,13,4,4,79.1775843965716
1,22,22,4,2,90.53339968829086
1,20,7,6,2,87.63754794392125
3,11,11,7,5,100.0
3,13,11,2,3,98.60412583219738
3,18,18,4,5,100.0
3,14,18,2,4,100.0
2,23,4,7,3,79.79153753840053
3,3,5,4,5,51.97425496503128
2,2,21,1,3,52.09034002057567
1,23,8,5,5,74.26013966888002
1,16,20,4,3,100.0
1,23,1,4,4,53.670868193535306
1,14,7,6,4,93.49107387384639
3,9,22,4,3,86.2550426081118
3,24,9,3,1,80.11979172791965
1,14,12,4,3,96.11189123462668
3,5,12,5,4,78.26367448085179
3,2,3,1,4,36.94863664015735
1,22,14,1,1,88.54803109394929
3,13,11,7,5,100.0
1,8,24,3,5,53.36577377970856
1,13,14,4,5,93.91162506610179
3,13,12,4,3,100.0
1,6,16,3,1,71.69766723064356
1,11,3,6,3,67.4946364345582
2,24,19,3,2,87.1245332825391
2,23,17,4,1,90.49016336179652
2,16,13,3,2,100.0
2,3,8,1,2,45.16993811585848
3,18,12,6,2,100.0
1,3,21,3,3,51.29137187000548
2,22,19,7,5,100.0
1,15,4,2,2,69.59567813354643
2,15,13,3,2,100.0
1,3,8,7,2,61.27002456600494
1,12,14,7,1,100.0
2,24,19,7,2,100.0
1,20,18,5,1,100.0
2,7,13,1,3,68.20933538644486
2,13,13,6,4,100.0
2,9,7,5,3,73.57306565610719
3,8,16,7,4,100.0
1,15,6,1,4,72.80272017533478
3,15,20,7,1,100.0
3,15,14,7,5,100.0
2,20,24,1,5,69.2708358735891
2,11,15,4,3,100.0
3,8,11,6,1,99.18674477452988
1,1,10,4,5,56.78228192906324
2,15,20,5,5,100.0
2,5,17,6,4,86.74993709884524
2,3,21,5,4,65.99130109698595
2,16,19,7,2,100.0
2,23,10,2,5,83.05992616472582
1,24,11,4,3,79.18576406792404
2,14,14,4,1,100.0
1,3,6,7,2,57.88914889057188
2,17,21,3,2,100.0
3,6,24,6,1,67.86664708478864
1,22,24,3,3,70.37754268318068
1,6,9,3,5,61.408160249850155
3,16,17,2,2,100.0
2,11,22,5,5,91.807659931759
1,23,6,5,2,66.5771676055415
3,10,2,3,1,68.15504934107878
2,1,17,7,4,78.13393383418166
2,15,5,1,3,76.54846099868966
2,18,9,3,1,100.0
2,14,10,4,2,100.0
2,8,24,2,5,63.00716819797295
1,24,21,6,5,86.21510275817353
2,16,22,5,3,100.0
1,22,24,1,3,62.208523829003056
1,8,7,3,5,58.46470535862795
3,8,14,4,3,88.23152584821793
3,12,6,6,4,96.82436967013042
2,1,9,1,2,45.327152848984845
3,6,5,5,5,63.16476219310193
1,14,22,7,4,100.0
1,11,5,3,1,67.19231867618073
1,3,10,3,4,54.4902118029835
3,18,17,5,3,100.0
1,18,14,5,5,100.0
1,9,2,5,1,58.173688897422
2,15,14,4,5,100.0
3,19,10,3,4,100.0
1,10,3,5,2,61.77577227104324
3,12,7,2,1,73.99759226324754
3,5,8,6,1,79.37450782069602
3,4,11,5,5,77.13620259464416
2,2,20,1,2,49.725015632992964
2,23,1,3,2,56.984966512561265
3,20,8,4,3,100.0
2,6,16,4,1,81.55696962185623
3,17,20,1,3,99.46338913903047
2,15,4,5,4,84.06319092512253
1,10,23,7,2,84.92037149042872
3,20,4,6,4,92.26700462882896
3,19,4,3,1,82.03911685296715
3,19,23,3,4,97.15491382066884
1,15,24,4,2,88.8079414079226
2,23,17,6,1,100.0
3,22,7,5,3,94.56698566907575
2,10,7,5,3,79.27608628148066
3,8,4,6,2,69.53776748646875
3,14,3,1,5,72.49239312875883
3,13,12,3,3,100.0
3,24,11,5,2,92.18518717148531
1,18,16,3,4,100.0
3,9,14,5,3,95.84507708749615
1,20,4,5,3,81.09174479086751
1,19,7,6,1,96.66988744257876
2,21,12,6,5,100.0
1,12,12,7,3,100.0
1,6,8,2,3,53.721459240576195
2,18,24,6,1,96.90456587514304
3,16,2,4,4,79.33021947770193
1,19,14,5,2,100.0
2,15,22,6,5,100.0
1,1,9,4,1,49.97208334862443
2,6,9,3,3,67.54247413546327
1,13,13,3,3,99.30389985418999
3,16,15,1,4,100.0
3,19,2,1,5,72.87463616252565
1,16,4,1,1,69.01463635303243
2,13,14,7,2,100.0
1,21,14,5,2,100.0
2,18,10,3,2,100.0
2,22,17,6,1,100.0
3,10,14,3,4,99.50168348070449
2,12,20,4,4,98.14584078119601
3,24,4,2,3,56.97039925631859
2,20,11,4,3,100.0
2,16,10,1,4,91.07821375307796
1,13,5,3,1,78.78054598428997
1,24,20,1,3,70.58644245128202
1,16,10,2,3,100.0
3,3,3,7,4,58.439327883622504
1,1,2,5,4,32.85129412849578
1,20,22,2,1,85.78423564066506
3,12,12,1,5,89.16282581950524
2,1,21,2,4,50.353955559583184
2,19,3,7,2,84.67776669430161
2,4,8,3,3,54.1411077246959
3,11,8,7,3,94.50678576898328
1,5,20,5,5,73.79032066094003
2,10,6,3,5,67.96705111413186
1,19,11,4,1,100.0
2,13,22,2,5,86.36806083243945
3,2,21,5,1,69.29261975900755
1,23,4,6,1,73.36550154440877
3,20,4,1,5,70.9025488466144
3,24,24,1,4,63.98702625692157
2,1,12,4,4,68.02892350283139
1,3,18,7,1,74.14511331371286
1,1,20,6,2,66.8096587244412
3,22,3,6,5,82.30932316297937
3,22,10,4,4,94.61867035321528
2,8,16,6,3,98.18796864121857
2,6,19,6,5,83.08062388208745
1,4,19,6,2,80.97772878258081
3,18,9,3,3,96.16489922763012
3,2,18,3,4,72.48389643433131
1,2,15,6,4,70.13522710760894
2,14,12,2,2,96.83970759985556
3,9,23,1,3,72.553242097839
2,20,3,3,1,75.92786289897839
1,24,23,1,5,57.97311381779677
3,15,23,2,3,94.75709910447983
2,24,13,6,1,93.38849118385832
3,7,13,2,1,85.857023604312
1,2,9,5,4,48.89047037509931
2,24,24,2,3,54.52344405319425
1,8,22,6,1,78.63046028965915
2,22,7,6,3,95.6989061894688
2,9,18,7,1,100.0
1,11,18,6,5,100.0
1,4,4,7,4,49.89107503965787
2,5,11,5,3,74.37462616820513
1,11,23,5,5,76.73373494785316
2,2,15,6,3,79.79654280532407
1,13,12,7,4,100.0
3,18,9,1,1,94.55405456747336
1,16,14,1,3,93.081735086728
2,9,12,3,4,85.74289481548814
2,2,24,1,1,35.96494830471636
2,17,16,5,3,100.0
1,9,9,2,1,64.31290522092856
1,2,22,3,2,52.96710645701419
2,20,17,3,3,100.0
3,8,20,4,3,89.7001184123013
2,22,13,2,5,92.43469012225079
1,22,10,6,3,99.28403281595133
3,18,24,3,3,88.6522417594979
3,12,22,6,1,100.0
1,17,5,6,3,90.20366089425798
2,18,5,7,2,100.0
3,6,21,4,5,80.08152419128652
1,13,18,5,3,100.0
1,6,5,5,5,49.18910942257135
3,14,3,2,2,73.86138484122495
2,16,8,7,4,100.0
3,7,23,1,3,60.125412765852346
2,21,3,2,3,68.79570145796549
1,7,5,5,5,57.554444430209664
2,13,19,1,1,96.88864758654123
1,4,17,7,4,81.02064352350065
2,9,17,3,1,93.07253857393822
3,6,23,6,4,80.73588528203702
1,20,11,1,5,82.65176411697863
3,8,10,4,2,82.39143620711374
1,21,10,3,4,91.19947200151014
2,10,22,1,3,70.66353777753739
1,20,2,6,5,82.90121348086252
3,16,15,6,1,100.0
3,18,2,7,3,91.00769602204822
2,22,2,3,5,71.96467840643508
2,22,8,3,5,77.4586220066662
2,2,23,3,3,43.99297937447179
3,10,13,2,3,89.2287563226036
2,11,14,5,5,100.0
1,17,6,6,5,91.68226383607794
3,3,9,3,2,54.73405522385095
3,21,3,6,4,89.00840088305857
2,1,23,5,5,51.414466781661304
3,20,10,3,2,100.0
3,11,8,6,3,94.58442930818902
2,11,6,6,4,85.67708952233693
1,22,17,7,5,100.0
1,9,12,6,2,92.066040582245
1,18,16,5,1,100.0
1,16,18,1,1,93.99155489056434
2,14,21,7,1,100.0
3,21,18,3,3,100.0
1,14,7,4,1,92.13762281826415
1,11,5,4,2,65.56885958982532
1,7,20,4,2,78.42564151653437
3,20,5,3,5,85.7588825180233
2,19,13,2,3,100.0
3,10,21,5,1,94.49074014551591
1,13,4,2,3,61.86479700171933
1,16,24,4,4,77.93731831213961
2,20,20,4,3,98.42701802175979
2,8,23,2,4,69.63359076176118
2,8,15,2,4,81.2997763670038
1,7,2,6,1,55.21662686830512
1,3,7,6,3,55.96877631531035
3,10,18,1,4,87.9898546678674
3,20,23,5,1,100.0
1,14,4,1,1,62.70758258299327
2,11,22,5,3,90.79936554790298
2,2,23,6,1,60.94225492012158
1,20,19,7,1,100.0
2,4,23,1,4,40.83673839715498
2,13,21,2,3,90.46252815663598
2,4,19,5,4,74.06552491856327
3,7,17,2,3,79.70743576397061
2,20,24,5,4,86.87167904152973
1,6,5,6,4,53.63026356450092
3,9,9,2,2,71.6611065787774
1,3,13,4,3,66.4506488270779
2,12,16,4,3,100.0
3,22,16,5,1,100.0
1,3,12,7,4,76.30990062992016
3,8,15,2,1,92.71764380418958
2,10,7,4,3,73.56761509517271
2,23,24,2,5,64.63642969108948
1,22,20,5,3,97.2859531865199
1,3,18,6,3,76.25002433635134
1,22,13,1,2,88.5288318648603
2,14,13,4,5,100.0
1,6,9,5,1,68.37191908915436
3,20,11,5,3,100.0
3,11,7,7,1,97.79136709334018
3,9,16,5,1,99.10474817492843
3,8,9,3,5,81.04208773135821
2,6,1,7,1,58.22335229180188
2,5,13,5,3,80.21223426188617
1,3,20,4,2,59.59495982433103
3,18,3,3,1,83.26853370663322
1,11,13,4,2,90.86391561288083
1,3,14,3,4,59.190442090765735
2,2,9,5,3,48.46868498802239
1,11,7,4,2,75.3884102753757
3,16,6,1,3,87.27696127932457
2,19,12,7,3,100.0
3,19,6,1,5,84.2695056917468
1,20,10,5,2,97.85232520070801
3,6,11,5,2,82.74185430968997
3,16,14,4,5,100.0
2,15,7,4,1,94.6019160226026
2,3,13,3,1,69.01111600333768
1,7,7,7,5,70.43297025516154
3,21,7,6,2,100.0
1,21,3,7,4,77.92029561782174
3,20,15,4,4,100.0
1,2,1,7,1,38.722717523225306
2,19,18,5,2,100.0
3,15,21,1,2,99.53595589396048
1,17,17,5,5,100.0
2,14,16,2,4,100.0
3,11,8,2,4,78.53901571919697
2,24,5,6,2,72.46498280020592
3,7,12,6,4,90.95804648501797
1,24,1,6,2,58.67573741727959
3,23,20,1,5,87.80359780318057
2,17,4,5,5,87.48562643879086
3,14,18,3,5,100.0
2,23,19,1,4,80.56822698253848
2,16,24,5,4,91.92822394651132
1,17,10,6,2,100.0
2,10,5,4,2,74.65389402094345
1,20,5,7,2,90.73249436920095
1,5,8,7,5,60.91041366641683
1,14,9,5,3,94.12159322469591
1,15,2,6,5,76.90834523164072
1,22,16,5,1,100.0
3,9,24,6,5,81.51490694908293
2,2,22,3,3,49.359733884079276
1,14,17,7,5,100.0
2,13,6,1,3,77.98710654956106
2,23,20,5,4,99.7932862682094
2,6,15,4,4,80.53366972397296
2,15,17,4,3,100.0
1,13,6,1,2,70.70445224712036
2,13,19,2,2,94.22337710599948
1,15,3,7,5,94.66893598513379
2,6,21,1,1,67.17903175369952
3,12,24,1,4,70.20105404828185
1,2,21,7,2,69.53976036630343
2,2,11,1,2,51.988034435246014
1,17,1,4,2,71.1480967176733
3,2,4,2,1,41.449856016968226
3,13,16,2,1,100.0
2,15,4,1,4,73.21434409911961
1,22,10,7,5,96.58648150592683
2,1,14,1,4,58.345573384842616
3,10,18,5,5,100.0
3,20,11,7,5,100.0
3,11,17,2,5,96.03534449304385
3,15,21,7,5,100.0
2,4,5,7,4,57.2971270501616
3,7,4,1,5,48.91382373964328
3,12,14,4,4,100.0
1,16,1,2,1,67.6679820583775
1,7,5,6,3,66.48874050573154
2,18,3,7,1,95.03059181813323
2,22,21,4,3,100.0
1,20,18,7,2,100.0
1,21,4,2,1,64.7297346589771
3,20,20,2,5,100.0
3,17,6,2,1,92.67677426464844
2,5,5,3,5,45.26250009533809
1,16,7,6,4,98.31003939743665
3,3,20,3,5,66.16568350433586
2,2,18,4,4,66.08049626795196
1,10,24,1,3,59.05339313958636
2,4,11,5,1,69.48645378605072
1,9,12,7,1,92.40839986888902
1,21,17,7,5,100.0
3,2,17,7,4,84.34215117195166
1,5,13,5,5,77.7708860201286
3,17,23,4,3,100.0
3,16,13,6,5,100.0
3,3,12,2,3,61.19460834367799
3,19,14,5,5,100.0
1,22,15,5,3,100.0
1,20,20,4,5,100.0
2,13,12,5,2,100.0
3,12,14,3,3,100.0
3,5,13,5,3,85.13501885549306
1,17,8,5,2,95.98647625613444
3,16,17,1,4,100.0
1,5,11,3,1,60.36863698926415
3,18,17,7,3,100.0
3,15,7,1,1,85.82743292122528
2,17,19,2,2,100.0
3,15,10,7,5,100.0
1,7,12,6,1,83.94378298252606
3,18,14,1,2,100.0
1,23,8,2,5,67.46790742761736
2,12,12,2,3,97.44433617840829
3,5,15,7,3,98.38402218802307
1,13,19,7,2,100.0
3,11,23,6,5,90.36234218827197
2,12,6,1,2,72.528045048598
1,4,12,4,4,67.89818053938319
2,22,16,2,3,99.67359791116405
2,20,23,5,3,93.55542579067063
1,24,13,6,4,86.86766511257925
2,11,12,1,1,80.97321030873152
2,3,3,1,1,27.137533663534647
2,1,17,6,3,68.50545232044536
2,8,7,6,1,77.78992959035486
1,6,13,6,5,77.89649316199656
3,17,19,6,2,100.0
2,3,5,5,4,47.21978985621021
1,14,4,5,3,81.25932340680862
1,20,1,6,3,74.31690813131809
3,12,15,5,2,100.0
1,21,17,2,4,94.50679272890848
2,5,9,5,5,71.23808743285288
2,11,9,7,3,90.72612531792117
3,16,2,2,4,70.89438078150553
2,17,16,5,4,100.0
3,13,21,4,2,100.0
1,3,14,3,4,60.54958639568623
3,22,3,4,1,77.16217793544259
2,7,16,3,3,80.72427277289196
2,6,8,4,3,68.20313472874241
1,2,24,5,3,39.388111401691766
1,1,23,6,3,55.342887778154804
3,17,22,1,4,92.6614137679517
1,14,20,5,3,100.0
2,16,16,1,1,98.9246536718267
2,19,17,2,1,100.0
2,5,19,7,5,85.12568086069227
2,12,22,4,4,87.8423324520427
1,10,23,2,2,70.68607595514773
1,19,12,6,2,100.0
1,4,13,4,4,64.34109984770069
1,5,13,7,4,87.81136629439906
2,22,10,3,1,89.76202969050098
2,9,23,7,1,89.97679618750794
2,7,14,4,4,82.45606532842343
3,9,17,6,1,100.0
2,8,10,2,5,67.14614478271791
3,4,22,7,1,78.86090839824593
3,6,13,4,5,90.32784529615418
3,6,1,4,5,47.03152573703565
2,5,13,3,3,65.28358899087756
1,23,4,4,4,61.966488954795864
3,7,8,4,3,67.82009378810739
2,11,4,2,4,62.62934491243794
3,19,2,5,2,86.86404944336759
3,6,21,1,3,73.63409709218563
2,19,16,5,5,100.0
1,7,9,3,3,64.20411797351596
1,12,6,5,3,84.52072722757202
2,19,20,7,2,100.0
2,8,24,2,1,55.67771783175528
3,1,2,6,2,44.40475613573797
2,23,19,1,4,91.2014934614883
3,3,10,3,2,62.01919108149178
2,1,21,4,4,57.60460854152267
1,13,7,2,1,79.83060532753068
2,5,5,7,1,60.1569114033041
1,11,21,7,4,100.0
3,19,2,6,4,85.26539757269737
3,19,3,4,4,86.17869464363987
1,11,18,2,4,90.15563659233052
1,22,22,7,5,93.8842824249838
2,16,20,2,5,99.52213090669346
2,3,17,7,4,83.65077648903527
3,18,8,5,3,100.0
1,4,1,6,5,37.2583226189571
1,24,15,5,4,85.23345614256984
1,22,17,3,5,92.99827588268087
1,13,24,1,2,71.68392746965556
2,7,24,7,3,71.18483940013529
3,1,22,6,5,67.09056163047062
3,12,2,3,1,68.17340293253352
3,2,2,6,3,46.16701361480053
1,22,12,2,2,88.88008051442358
3,20,6,7,5,94.55384230575994
2,8,15,6,1,97.1456013132132
1,22,12,6,3,100.0
1,8,19,2,3,78.1861693880133
3,20,14,5,5,100.0
2,19,20,2,3,97.51071846493403
3,21,14,2,2,100.0
1,2,16,3,4,58.437565295763136
2,12,20,7,4,100.0
1,10,14,5,2,94.64292479955091
1,10,23,2,2,64.78879439322222
2,22,23,7,5,92.13712706263063
2,20,8,7,3,100.0
3,15,24,7,2,99.27705348425535
2,2,9,2,3,55.105779749209894
1,2,11,5,5,54.31184126154941
1,4,19,1,5,48.5919065063872
3,17,14,3,1,100.0
1,13,5,3,5,73.05164245967323
1,6,23,2,4,53.32857122845791
3,23,15,7,5,100.0
2,7,7,6,5,73.3304697427265
1,20,24,5,3,91.95922188567039
3,18,7,3,4,96.28785752350464
2,1,9,7,5,55.199287677595
1,17,7,3,1,88.41368026460786
3,22,8,6,2,94.51748059877116
1,9,17,5,4,94.23005564954593
2,16,10,1,3,89.9880149282614
2,3,1,3,5,25.7835935235292
1,8,7,4,2,62.842702356482924
3,20,24,3,3,86.70056185780831
2,10,13,2,1,88.68141005773543
2,11,24,1,2,63.31055163631773
2,14,5,5,1,87.64219984645013
2,19,2,6,3,93.48340098487746
3,14,4,5,3,88.60708482939022
1,14,11,1,4,91.71175172460421
2,17,5,1,5,75.25285666494817
2,20,11,5,1,100.0
1,12,1,7,2,73.00892663009826
3,15,1,3,4,77.8837638756632
3,6,17,2,1,80.68077003891175
1,22,7,4,3,75.1967068221905
3,17,8,7,1,100.0
3,11,11,2,3,86.92013637514695
1,6,5,5,2,58.661841542109194
1,22,16,7,2,100.0
2,3,4,4,3,44.754535497006195
1,24,19,1,5,70.2592932927949
3,23,7,3,3,73.73432513809777
1,10,23,1,2,61.63258471587307
1,13,12,3,3,91.27093424778946
2,17,14,5,3,100.0
3,2,23,4,4,50.38532743341513
3,8,23,7,3,87.71217123361069
1,1,5,7,5,44.15665153446485
2,9,6,5,5,75.50665454328599
3,13,10,4,1,100.0
2,19,4,6,5,85.80694995266752
2,24,5,4,4,68.26187393912592
1,14,22,3,1,90.7833673570743
1,11,4,7,4,76.48105794827296
1,22,14,1,1,89.63159459162992
1,8,24,7,2,72.64718602829134
2,5,5,3,5,44.39600653738981
2,20,11,1,2,94.24925747944947
1,13,22,7,5,100.0
3,16,17,4,2,100.0
2,11,14,7,5,100.0
2,18,19,7,3,100.0
3,19,8,6,2,100.0
1,5,13,3,5,59.90868263421222
1,1,9,1,2,35.05057185590355
1,1,4,1,3,22.051390491674965
2,21,17,6,3,100.0
2,12,17,6,3,100.0
1,14,17,3,5,99.91768401444567
1,16,10,7,2,100.0
2,22,22,3,5,84.01681681558773
2,21,14,1,2,93.48443438941676
3,11,12,6,3,100.0
2,16,16,2,1,100.0
2,10,1,7,4,73.59297113751715
1,15,23,6,4,92.54096084637122
2,23,6,7,3,85.35164801519862
3,10,4,2,4,64.48667983957475
1,16,7,3,5,89.91174855250883
2,23,5,3,2,70.19800683849195
1,8,20,4,3,81.23277364333117
3,9,22,2,3,82.01589422985404
3,10,16,6,3,100.0
2,14,16,2,1,100.0
1,14,2,2,5,59.16968738127262
1,10,11,1,2,79.05018814073243
2,21,5,2,2,74.6709801222576
3,1,10,4,4,61.43400855187483
3,4,7,4,3,59.71672144295385
3,7,11,2,1,77.01269197740427
2,5,21,4,4,69.48596376217117
1,1,23,2,1,37.01926339845964
3,5,13,3,4,70.33976779350995
1,4,4,5,5,39.593453040854975
2,19,4,1,5,70.32542023968816
3,24,9,6,2,90.29321573936467
1,17,23,2,5,87.13376016471574
2,19,7,6,3,99.02412676108743
1,22,20,1,1,77.8289989551331
2,7,20,4,1,80.32655243358633
1,3,11,5,1,71.28286079326043
3,17,8,6,2,100.0
2,13,14,2,5,100.0
2,8,3,5,1,59.87392845948495
1,4,11,1,5,51.65240353688618
3,4,14,6,1,85.23364012862287
1,16,13,1,2,94.11708375415866
2,13,15,5,1,100.0
1,5,17,3,2,70.18877389574175
1,3,7,4,2,48.244144962269964
2,22,23,1,2,76.27413153086901
3,24,6,2,4,64.0150186760813
2,1,10,7,5,67.38908211777164
2,8,20,7,1,98.0034822600496
1,20,11,4,1,98.76403406017063
3,22,5,2,4,72.37780549315882
1,17,6,4,5,86.42455425707422
2,22,14,5,1,100.0
2,21,2,7,2,84.41238581558646
2,24,21,5,1,92.31626404110658
3,19,9,2,4,97.90639644394244
1,8,6,1,3,48.044983610559186
3,12,7,3,1,86.1820676014046
1,12,15,1,4,91.96794219318033
2,2,19,6,4,76.69716249048155
1,22,8,4,5,88.35934276202705
1,12,8,5,4,92.04137877964325
1,19,9,1,5,76.82315081524368
2,22,6,4,2,75.6744467064092
3,4,8,5,2,65.50369990124862
3,4,10,2,1,65.29234383715024
2,20,18,6,2,100.0
3,13,19,5,5,100.0
3,1,19,1,2,60.9996699728369
1,5,2,7,4,47.564098465488044
3,10,3,7,3,84.41336414896259
1,16,18,1,3,98.00261216511986
2,23,12,6,4,100.0
3,11,20,2,1,98.11438202989044
3,15,21,2,5,97.80952915602118
2,5,4,2,5,39.43514861343648
2,1,1,4,2,30.297019031383943
1,10,11,4,5,89.1202225549776
1,3,14,4,2,70.8057823477507
3,19,12,3,1,100.0
2,12,17,1,1,96.28509873573566
2,12,5,6,2,84.38757986465369
1,15,1,6,4,73.46014035204253
3,8,13,5,2,97.00075536991534
2,17,5,2,5,74.47699879504414
2,10,18,6,1,100.0
3,24,17,1,5,85.22977049534845
1,6,8,6,2,74.45398840304189
2,18,6,1,4,78.14593184026963
3,17,4,7,1,100.0
1,17,19,3,4,100.0
2,1,24,2,3,33.257112597888536
1,5,9,3,1,55.38891105303594
1,21,16,7,5,100.0
3,2,6,7,5,58.93198520816559
2,14,14,1,3,98.90360603699291
1,6,21,2,4,60.25608637244344
2,21,2,2,4,72.12474659694358
2,16,8,3,3,90.70014594602436
3,22,4,4,4,79.33296874004128
3,7,13,7,3,94.76113777830004
3,2,10,7,3,78.86075577591993
3,11,21,2,5,87.32761363971181
2,4,24,7,1,60.282953814158944
1,22,7,1,4,75.09320084267968
3,19,4,1,2,75.9023504636965
1,16,24,4,1,87.28449358027731
3,10,18,5,5,100.0
1,24,17,3,4,87.26447690496286
3,17,8,1,3,99.16607474181724
3,4,10,7,5,82.23273624923661
2,19,18,6,3,100.0
1,6,3,2,1,30.969441223728772
1,8,11,3,1,74.91722686988338
1,1,19,2,2,54.620766179237776
1,23,23,7,5,77.70377441930543
1,22,14,1,4,84.08317372862098
2,17,3,4,1,87.82261665276481
2,3,24,6,2,49.339838537825955
1,2,18,6,2,69.74243542108779
1,21,18,7,5,100.0
1,2,6,6,5,48.88801089433837
3,21,22,2,2,90.01020463319182
1,17,21,5,3,100.0
2,15,24,6,2,93.36648505494045
2,11,6,6,1,82.84863908888916
2,12,23,4,5,86.23269309985369
2,3,2,2,4,30.724867922971832
1,22,16,2,5,90.80300559983453
2,19,19,4,3,100.0
1,23,5,5,1,71.44746005965851
2,4,8,7,3,68.51705358465026
1,7,20,5,1,75.93563622030578
2,11,5,7,4,85.92004314958862
1,4,18,3,4,61.274723062761346
2,10,16,3,5,89.54347225398979
1,23,1,4,5,57.517122812297
1,7,14,5,5,82.44831567734066
2,18,9,7,4,100.0
3,21,1,6,4,78.612715487608
2,12,4,7,3,86.08748624907955
3,8,1,4,4,60.072590123185044
2,4,2,4,3,39.991999279474534
3,14,13,3,5,100.0
2,12,3,6,1,79.21347496437441
3,21,8,2,4,86.6396924585952
3,15,6,2,2,87.3500087507702
1,24,6,4,2,56.30182567737605
1,18,15,2,2,100.0
3,23,16,4,4,100.0
1,7,10,5,4,71.31737193203513
1,5,19,6,4,77.62031678124951
1,22,16,6,5,100.0
1,3,21,4,3,55.35412016531212
1,24,21,6,3,84.21549889762518
1,6,20,5,1,74.6282820100594
1,5,4,1,4,27.773146464846178
3,24,19,6,4,94.81565285498355
3,22,8,5,2,99.87544070766967
3,20,22,1,3,91.46341734244704
2,19,13,1,2,94.99480007674602
1,23,12,5,2,94.2327695225288
3,5,12,2,1,77.92847686795412
1,19,6,1,4,76.06894409775502
3,13,19,6,4,100.0
2,2,6,2,4,42.13719107351424
3,9,7,3,5,74.60846704397962
2,6,17,1,3,71.40296393117073
2,17,22,4,2,100.0
1,9,18,4,5,90.85600081970647
1,3,4,1,2,25.52480881419057
2,10,9,6,1,89.31516547794308
1,7,11,2,3,68.31965079434983
1,19,9,7,4,100.0
2,24,11,6,3,92.99268186237664
1,12,22,5,1,94.233480235733
3,10,11,7,3,100.0
2,14,7,2,4,82.52367832534287
3,24,10,4,5,86.74093025345428
1,19,2,6,1,87.29057255790039
2,15,16,5,5,100.0
3,15,4,4,1,89.93663366911096
3,6,6,6,5,68.27492637478944
2,10,20,6,3,98.8205082629184
1,8,17,1,1,71.91155238268713
3,21,9,1,1,92.70813790918743
2,12,18,4,4,98.3769140040985
1,12,20,4,5,92.5720106257302
2,10,2,2,5,53.452276158622226
3,13,2,1,2,60.403863023345636
2,19,9,1,4,90.67934127998454
1,18,10,7,4,100.0
2,18,12,6,4,100.0
3,9,2,1,3,51.313831603589996
1,14,21,2,4,91.70910603310884
2,7,16,4,2,84.44968966196022
2,18,10,6,5,100.0
2,13,11,7,4,100.0
2,6,5,5,2,62.10519712661464
2,10,2,4,1,62.085213490003824
1,21,17,3,3,100.0
2,9,16,2,3,84.4280909832085
1,3,21,1,2,47.2438004019412
1,6,24,6,2,58.15030127148086
3,1,4,3,5,32.02931528641335
1,7,9,1,4,54.59920450835185
1,5,22,7,3,72.24777633395234
3,14,7,4,3,97.25998024651255
3,3,24,2,2,40.728344678564035
1,20,19,2,5,100.0
1,10,23,5,5,75.09771930674177
3,9,19,1,1,81.77599900706728
3,20,16,1,3,100.0
1,18,8,3,1,87.44051651939196
3,7,10,2,3,69.13867963480288
3,5,6,6,5,63.38977943645746
1,24,18,4,2,85.06952538896833
1,24,9,3,1,64.24128040227211
2,20,14,3,2,100.0
3,4,4,3,4,48.791549506906954
3,4,12,2,2,68.6053137242225
1,24,12,1,2,65.93097011040705
3,22,13,4,1,100.0
3,15,2,4,1,80.11830505785336
2,12,8,5,3,91.51948652328431
2,2,15,5,4,67.44252987447528
1,21,15,2,3,95.83308952878934
2,22,3,3,5,63.86236130206525
1,16,4,3,1,80.16821710188118
2,11,7,5,1,89.40045734928523
3,8,16,7,4,100.0
2,11,7,5,3,83.47279402106702
2,21,1,1,5,53.9545833770525
1,17,17,2,4,100.0
1,6,4,5,2,48.326794564555364
3,17,2,6,4,90.59812304486753
3,17,1,1,4,68.08652766412075
3,6,15,3,1,83.43671119501145
2,1,1,5,4,38.21044173332457
1,20,8,4,5,85.77889572663553
2,24,18,1,3,78.97557731111546
1,20,22,6,4,100.0
1,24,21,2,5,70.28401921030859
3,2,22,1,3,50.77714692404809
2,16,17,3,2,100.0
3,4,15,5,1,86.32251353285248
3,10,6,1,1,67.77234358058627
3,12,17,5,1,100.0
1,6,16,3,1,70.58364698853033
1,16,10,1,2,84.9673373665562
2,17,15,5,4,100.0
1,23,19,2,4,88.55921339228374
1,22,11,1,4,84.64458195613875
2,23,16,3,2,97.00390423473976
1,22,7,5,5,83.39657958062817
2,1,21,6,5,59.40812702656043
2,13,24,7,3,100.0
3,14,19,7,3,100.0
1,19,3,7,2,88.81573316380302
3,16,24,1,3,87.34789237859968
1,16,21,3,3,99.79722705438047
3,17,19,1,5,100.0
1,23,8,2,2,69.38881520491313
3,11,2,2,1,66.05058211484882
2,14,3,6,3,79.50160034631699
1,6,8,2,3,49.48773147453959
3,11,23,5,3,92.21528400975805
3,14,16,2,3,100.0
3,11,18,5,2,100.0
2,15,13,7,5,100.0
2,6,1,2,5,32.83138406453094
1,13,8,7,3,96.57025948461195
1,12,19,1,2,87.17930934679676
3,17,14,6,2,100.0
1,6,9,2,3,60.05478332877799
3,14,6,3,4,87.8949815191782
2,14,8,6,2,100.0
1,9,16,3,3,85.53844898921248
2,20,20,2,4,95.65847182299215
1,19,8,1,5,75.61174855168662
3,4,3,6,2,52.51355783049302
2,4,4,1,2,36.53020077328822
1,24,17,3,2,85.77657417605812
1,10,11,1,2,72.346761446266
3,4,17,7,4,84.44744689939402
3,16,22,1,2,91.63604284787085
1,9,13,7,1,89.9339152365286
1,18,6,1,4,72.31128279520847
1,8,4,3,4,55.020591001525574
2,14,1,7,5,80.3708276859948
2,8,10,1,3,66.79685744291632
2,20,17,2,5,100.0
3,10,22,5,4,89.57432606830835
1,22,2,5,3,68.73124224924447
2,5,16,3,4,72.29733074879537
3,21,20,6,1,100.0
1,15,1,4,1,73.06597818197463
2,4,23,7,4,70.50837270236556
2,20,10,3,5,93.90167795735958
1,2,22,1,4,36.3535714450587
3,24,9,3,1,85.79906244335207
2,8,21,3,5,82.38385388301502
3,5,20,3,4,74.33788623890602
3,7,22,5,1,88.82813012923151
1,4,17,4,3,67.72256380989018
2,13,17,1,1,95.2300886133238
2,5,10,2,3,61.44669371251366
3,7,21,7,5,93.5877843196578
3,18,18,6,2,100.0
3,16,13,1,3,100.0
2,11,13,1,2,87.79308791437457
3,2,24,6,4,58.011159232164836
1,24,24,2,1,53.34694650447263
3,6,22,3,2,78.02069410772403
1,17,17,5,3,100.0
1,18,16,5,5,100.0
3,18,5,3,4,85.49687673214385
1,13,17,4,4,100.0
2,18,24,5,3,94.74715946085196
3,1,12,4,1,65.88287362662028
1,14,17,7,3,100.0
2,11,15,4,5,96.10759105690805
2,16,7,2,2,90.86848793231317
1,10,8,6,5,85.0157094736872
3,5,10,6,2,79.81631359895032
3,11,5,5,2,84.86231189465194
2,4,22,2,4,54.64989405490319
2,24,5,7,3,76.79169708155248
2,19,8,7,2,100.0
1,17,23,6,3,95.83029562799169
3,18,11,1,3,96.98516136898635
2,15,1,4,5,77.56261806973804
2,9,17,3,3,84.5432121312649
2,24,24,4,4,67.52849244688738
1,9,4,4,5,60.74805880354872
3,22,17,3,3,100.0
2,4,22,1,4,51.1517512354942
1,5,10,5,2,68.055512871559
1,14,21,4,4,100.0
1,6,17,4,5,80.85829609049094
3,2,17,1,2,63.47427844703339
2,13,10,2,1,92.59250405349222
1,8,14,7,2,94.02408354199669
2,22,1,2,5,56.51195043661883
2,24,3,1,3,50.201310088128025
1,7,2,6,1,56.50571165592206
1,16,14,4,1,100.0
3,14,5,7,5,95.75293090518728
1,6,6,7,2,66.94435311755322
3,15,20,3,4,100.0
3,14,1,4,2,77.90462399224745
3,22,2,6,5,81.00056303498641
1,22,20,5,3,93.09485059588792
3,2,15,5,5,73.57667089601006
3,19,14,7,1,100.0
2,24,12,2,2,76.2278829481059
2,17,2,7,1,94.08096099373144
2,5,6,5,2,61.0065688825342
1,5,7,3,5,46.624104798597166
2,15,23,4,4,91.55420879806194
1,2,6,2,2,36.06240136973139
1,23,16,2,5,81.87825469025081
2,17,22,4,4,100.0
3,21,4,5,3,91.99701723791837
1,10,3,2,4,51.44688933963323
3,18,7,2,1,92.49434904569958
3,4,1,5,5,39.516790978887784
2,19,16,2,5,100.0
1,13,2,5,5,64.9870525643407
2,5,4,3,4,41.73382893967047
3,5,7,2,1,50.90328438276595
1,23,10,2,1,76.00125633717883
1,3,1,5,2,34.85704464536711
1,7,9,5,3,70.80617824296723
1,12,14,5,3,96.63373830432539
1,14,20,1,4,82.82757729685837
2,18,16,3,5,100.0
1,1,21,7,5,64.87065457560915
1,22,14,3,1,96.86121405218714
3,5,6,5,4,62.276478031802675
2,6,5,5,1,53.56264799942164
1,6,14,1,2,63.857797516932116
2,14,16,7,5,100.0
3,19,2,4,2,80.26138807729089
1,7,17,3,2,75.93743271357962
3,20,20,7,1,100.0
3,20,5,6,4,99.74241656723528
3,2,20,4,1,71.52758698480152
1,16,24,5,3,89.38798884229143
2,13,21,5,1,100.0
2,22,13,2,4,93.87121894249063
2,1,18,6,4,75.7527480438307
3,15,14,1,1,100.0
1,23,10,4,3,83.91996129291599
1,21,2,1,2,56.246891942061275
3,21,22,2,5,91.44387620245466
3,5,24,3,3,53.22894547587423
3,9,10,2,4,84.65100487159933
3,8,14,7,3,99.78958192157391
1,13,13,2,3,91.86338287732768
3,6,8,3,2,72.98547145875965
2,22,4,1,1,61.95701591301243
1,24,5,3,2,55.30511726957258
3,9,5,7,3,85.15960089551955
3,2,22,7,2,69.3393215033747
3,20,20,4,4,100.0
1,3,11,7,3,69.17498847673
2,17,5,2,4,79.20125877862263
2,6,2,3,5,44.509658667279815
3,22,10,4,4,96.61948494023169
2,2,19,6,4,74.75131471724856
1,20,11,4,2,98.00587733192044
3,21,22,5,1,99.84588433971469
3,17,5,7,1,100.0
3,6,1,2,5,38.35850941431596
2,21,2,4,1,74.31510670603579
3,1,11,1,1,50.526343032613475
1,22,23,5,1,85.56371993000106
2,19,2,1,1,70.22553678961434
3,18,17,6,5,100.0
1,4,16,2,2,68.25934600386161
2,6,11,5,2,79.03799131202018
3,16,6,7,1,100.0
1,19,18,6,2,100.0
3,11,3,7,4,85.37171432185536
1,19,3,4,3,79.8686459094325
2,23,13,6,5,100.0
3,21,13,4,5,100.0
2,3,23,4,5,53.63186382786898
3,3,3,6,2,54.62140489800051
3,23,19,1,5,87.0691519237871
1,16,9,6,3,100.0
2,18,5,4,4,87.76632560026358
1,23,12,4,3,90.83943013022476
3,2,20,3,2,62.64400013234794
3,23,8,5,2,87.53530126535189
2,17,11,7,4,100.0
2,18,15,5,5,100.0
2,9,10,4,5,83.83355232951408
2,22,20,3,4,95.42579008709782
3,11,2,3,2,65.05175820957491
1,5,16,7,4,84.74369369018208
1,16,10,2,4,91.98331156102002
1,17,13,7,5,100.0
1,9,21,3,1,73.6087349696748
1,9,24,3,3,59.19917532780201
1,3,4,4,3,38.62808807644429
3,21,16,7,1,100.0
2,9,1,4,1,60.90708553356849
3,11,6,4,3,86.75397164728302
2,7,2,4,4,52.89574003746183
1,3,14,2,1,57.027300126323674
3,16,12,7,1,100.0
1,14,11,5,5,95.89700055498274
2,1,20,5,4,65.38605285733125
3,5,11,6,1,80.7854604847338
1,17,16,6,2,100.0
2,8,21,2,3,76.98093094422977
3,9,23,7,5,89.06807007349074
3,8,1,2,3,54.44299352987538
3,6,13,2,5,72.36356288619909
1,22,10,3,1,84.49490954575565
3,3,16,7,5,82.66409641454324
2,13,14,5,2,100.0
1,8,10,6,1,82.06658146124875
2,24,20,1,4,73.39067255036113
1,18,23,4,2,90.59854906009586
3,6,4,5,2,62.376118897351596
1,17,12,6,1,100.0
1,17,15,2,2,95.99893013134373
1,11,16,2,4,88.57449934660096
3,5,16,7,3,93.75276043391236
3,21,19,6,3,100.0
1,14,8,6,5,97.31858719686768
3,8,21,1,1,74.70268372587309
3,16,11,5,2,100.0
3,11,17,4,5,100.0
1,19,20,1,4,91.95701977621609
1,8,9,2,2,66.23612423739435
3,6,3,6,3,69.17204083125819
2,6,11,5,5,75.2674705525417
1,6,5,1,3,41.25910977398052
2,8,4,6,3,69.45176500811637
3,21,6,5,2,90.09742961867427
2,17,12,1,2,100.0
1,14,4,1,2,60.74376313782237
3,21,7,6,5,96.44126841501375
2,11,16,3,2,97.64563158240458
1,3,24,1,4,28.553806050934156
3,3,14,2,1,71.67478420241811
2,16,6,5,1,94.1317693423873
1,8,5,3,1,51.20962449516209
3,18,17,3,3,100.0
1,11,13,2,4,89.16438911326058
3,7,11,5,1,87.53516954562096
2,19,9,6,2,100.0
3,21,15,5,3,100.0
1,24,14,2,4,77.96726949584239
2,23,3,6,3,74.0835001856923
3,16,18,5,5,100.0
3,20,14,5,2,100.0
3,19,19,2,4,100.0
1,23,11,2,1,82.14846527327408
2,5,8,2,2,61.81573781700725
2,4,5,2,2,35.25837031202187
1,10,18,7,3,100.0
2,1,22,2,5,46.09337141501476
1,11,4,6,4,77.2680506750701
3,14,11,7,4,100.0
1,7,21,5,3,73.13435675284722
2,22,21,3,4,87.37488800071989
2,17,10,1,5,92.29725147647041
2,7,9,2,2,63.323055489278765
2,22,7,4,2,82.57595855048132
2,6,6,1,4,50.79523396785609
1,17,17,2,4,100.0
3,23,14,6,3,100.0
2,20,12,5,2,100.0
1,13,18,1,4,87.47074149125673
2,6,10,2,5,61.03221826157188
2,2,18,4,4,67.14695926348254
2,23,18,5,3,100.0
3,19,24,6,2,99.29685342044351
3,2,11,3,4,62.06267500128846
3,18,11,6,3,100.0
2,8,22,7,3,87.4883337315881
3,20,20,5,2,100.0
2,2,16,3,3,62.66215469722586
2,23,1,7,4,73.04279993320029
3,8,13,7,2,100.0
3,12,3,1,4,61.74462200686314
1,15,6,6,2,94.36851647066382
3,13,23,7,2,100.0
1,11,8,3,5,73.13700622189538
2,4,21,1,1,53.38057050429157
1,24,17,1,4,75.11274330800029
3,2,11,7,3,74.50114395593424
2,6,12,5,4,83.53877833278004
1,6,19,7,1,84.31222421621536
2,24,17,1,2,83.56659520137497
3,11,10,3,3,89.69218834956155
2,3,11,6,5,71.43472839341986
1,23,22,5,2,85.27485159497515
2,4,20,2,2,61.781908769135455
3,4,1,6,5,46.476493648357945
3,18,10,3,4,100.0
3,9,14,2,1,90.07204808051578
1,8,22,2,5,62.31165623720756
1,9,8,3,1,72.44112912944112
2,16,3,2,3,70.04038863075634
1,22,17,2,2,94.21256723656106
2,6,15,4,4,89.22663175074318
2,10,23,1,2,70.59985320109898
1,16,1,3,2,71.35793795198356
3,6,5,2,2,52.59288455496895
2,21,3,7,4,84.90145361803089
1,7,2,1,5,34.81229953272068
2,12,18,1,2,90.88573248668125
2,13,7,2,5,83.25621618132773
3,19,23,5,4,100.0
3,18,16,5,5,100.0
2,5,24,6,1,62.91306095387827
3,12,13,6,1,100.0
3,18,23,5,4,100.0
2,9,9,1,3,68.22521944871576
1,24,8,2,1,60.26574351221756
2,11,20,1,4,87.81928145315436
2,19,18,3,2,100.0
3,1,8,5,1,64.28114979098497
1,9,22,4,5,75.24012789351677
2,17,14,4,4,100.0
2,7,22,1,5,62.68231220423953
1,11,18,5,1,100.0
3,19,1,6,4,91.72269217447673
1,3,11,6,2,66.80460049661494
3,16,19,6,5,100.0
3,20,6,1,4,79.5619644564184
3,5,17,2,2,81.79355320668904
1,20,9,7,3,100.0
1,23,10,3,4,78.99061231733519
1,7,20,5,5,79.75621933315743
3,20,20,3,1,100.0
2,19,18,3,2,100.0
2,16,18,4,5,100.0
1,19,10,4,5,98.11181875418727
3,5,3,1,2,34.68571267775878
3,6,15,7,2,95.98680059841416
1,5,23,1,3,38.563525754670444
1,5,16,5,3,74.53077234133367
3,4,5,6,1,61.274094553569235
2,13,16,1,3,97.27560181498256
3,11,15,6,2,100.0
1,24,24,2,2,51.37277496973943
1,4,11,2,2,56.91077312547069
2,18,19,4,4,100.0
1,11,1,1,2,50.2076725849111
1,7,18,5,3,90.57998585679779
1,24,24,6,5,66.58566523011208
3,7,12,7,4,100.0
3,5,3,6,5,57.46373286388049
3,13,11,6,4,100.0
2,7,23,1,2,54.520276270381906
1,1,6,5,5,42.14585723878096
2,12,17,3,5,98.16988243917274
1,13,20,3,3,89.82940742240095
3,15,15,2,1,100.0
2,24,7,2,3,63.89044392799824
3,24,2,2,1,51.81464551174457
1,20,24,2,5,71.80820497813156
3,4,23,2,2,55.93984597061825
3,9,22,4,1,90.67521832811833
3,2,5,2,5,40.78183049467478
1,13,14,5,5,99.72976289055815
3,11,7,1,4,75.12871507141273
1,1,17,3,3,54.893226296029965
1,7,9,5,4,68.96345491100944
1,12,22,7,3,96.15792087357073
2,22,15,6,3,100.0
3,17,5,1,2,85.49955838015964
1,2,22,1,3,39.45436494907764
3,12,21,1,3,96.85948788133979
3,23,13,3,3,99.93514035433867
2,3,15,1,2,59.960800242258415
2,23,14,1,5,80.70269822030811
1,16,24,4,1,83.46250735462851
2,20,6,1,5,78.49733685621162
1,14,22,3,5,85.91348584331391
3,3,23,2,2,52.035691430510546
1,13,10,7,1,100.0
1,23,18,5,3,96.06754056813675
1,23,9,1,1,69.33342755043958
3,3,20,5,3,82.03358395436622
1,24,5,3,5,50.08854516425759
3,20,2,6,1,92.12850004505151
2,16,15,2,3,100.0
2,6,7,6,1,69.75292342562625
3,19,16,1,3,100.0
3,9,1,7,5,77.71854080417964
2,4,11,2,1,56.12628743312016
1,1,4,6,4,36.58037197196212
3,2,16,5,2,80.58022969623772
3,3,22,2,4,60.35240873010462
1,10,8,7,2,85.31688859726826
3,1,18,4,2,66.16694271894288
3,5,24,1,4,46.8924217398742
1,5,12,1,4,54.704713527228165
1,16,10,4,4,95.37217762661092
3,3,11,7,2,81.41222035788161
2,21,13,7,2,100.0
3,4,20,4,3,71.73559887217138
2,13,4,7,3,85.94863854044101
1,23,10,6,1,94.4664159518774
3,6,4,4,4,55.09261444502788
3,6,9,5,4,76.6787497047057
3,19,11,1,2,100.0
3,23,15,1,3,90.62102483399579
2,11,1,6,4,71.77512865185163
3,23,20,4,5,96.82939980122765
1,8,16,6,4,91.87436461401927
2,16,24,2,5,85.53831280254037
2,20,12,3,2,98.28087315669475
2,21,19,2,4,100.0
2,16,8,2,3,91.08079320819682
2,19,17,3,1,100.0
1,12,21,3,2,86.31598623097801
3,14,20,1,4,96.7172347116511
3,4,21,4,4,74.23492307111614
3,6,21,3,3,75.00067627830859
1,2,17,4,2,68.60133573228147
3,19,10,5,5,100.0
1,15,13,4,5,100.0
1,13,22,7,3,96.9817603324312
1,21,11,5,1,100.0
3,14,14,7,5,100.0
2,2,10,1,3,49.06139302993093
3,8,21,5,1,92.19819511401624
1,6,13,7,2,89.96128751431878
1,22,17,5,2,100.0
2,4,15,4,3,74.26466551315747
3,18,8,6,4,100.0
1,10,8,3,5,76.42122799532645
2,18,1,4,4,71.33589408431129
1,21,23,2,5,75.46181727458666
2,17,18,7,3,100.0
1,17,23,6,5,94.53909393675251
1,21,13,5,4,100.0
3,19,15,5,2,100.0
1,13,5,1,2,69.51333253008751
3,7,11,7,2,93.42133448403395
3,7,24,4,4,64.34602710416716
3,2,4,5,3,46.51752752074853
3,19,13,5,3,100.0
3,10,20,5,4,100.0
2,16,12,3,2,100.0
3,5,5,1,5,47.33036669372987
1,13,6,4,5,76.4306648883408
3,13,2,3,4,75.63619687731082
3,21,10,5,2,100.0
2,14,10,7,1,100.0
1,14,7,4,5,82.03496100589908
3,7,3,2,2,53.41093494838135
3,18,5,7,2,100.0
2,12,5,7,1,86.01048751191028
2,13,19,1,1,99.82286332805323
2,6,11,1,3,64.61751430447892
3,1,8,5,3,61.40711742283378
3,13,3,2,4,76.36054406862132
2,16,23,7,1,100.0
1,23,7,3,2,69.53333099890186
3,15,24,2,3,75.80949609634493
3,19,4,7,3,98.86505925289372
1,15,16,5,3,100.0
3,20,6,7,2,100.0
3,15,4,3,1,87.79120239182735
1,23,10,7,1,93.1716978829817
1,19,5,1,5,71.35975669248931
3,1,8,3,1,53.05086126121845
1,1,9,1,1,36.58498250485189
1,24,3,2,2,43.07531888325248
3,17,21,6,1,100.0
2,3,19,7,3,84.86337699344266
2,7,14,1,5,74.42439373932054
2,2,5,5,3,42.51909027024358
3,6,15,6,3,89.1430153924626
2,24,16,1,3,78.1063732469314
1,5,19,7,2,88.31616137781457
2,2,3,7,3,52.368364386961794
2,24,18,6,5,96.87502621310942
1,7,14,5,5,77.24144044516576
1,10,21,5,1,92.3044948390332
1,17,17,5,4,100.0
3,8,21,6,1,93.61070543059787
2,14,5,3,1,80.49343842773324
3,8,23,1,4,69.85094272878267
1,20,19,1,4,93.998779261526
1,2,14,1,4,54.93204151517109
2,14,18,6,5,100.0
2,12,24,7,5,90.45581472218605
1,15,10,2,5,91.14182292419258
1,12,3,4,3,66.27099414103276
1,17,19,5,1,100.0
1,10,6,7,1,81.07349207679991
3,19,4,1,1,75.24932008520102
3,22,11,1,2,85.25170067102317
2,18,12,1,2,96.61546439318232
2,10,12,3,1,90.29184342667176
3,17,5,4,5,91.25542861751927
1,15,16,4,2,100.0
2,21,4,4,1,77.56528055214733
1,24,14,6,3,88.41638012808242
1,14,12,4,4,98.18402343358802
1,23,11,6,5,86.88352124802022
2,15,2,6,4,81.93330962735642
2,15,12,4,5,100.0
2,1,20,2,2,55.223157670519996
2,6,2,1,1,34.07384270894282
1,24,24,1,1,53.419911728528135
2,18,7,4,3,93.57700421242845
2,24,21,4,1,82.0943649588523
3,14,10,3,5,100.0
3,19,9,7,5,100.0
2,4,7,4,2,53.83485899890108
2,3,24,7,5,60.24524326513182
1,5,23,4,1,51.43031002336536
1,5,4,7,1,48.479589197410384
1,6,20,1,3,65.02353877681489
3,18,18,7,5,100.0
1,23,12,4,1,86.1394441639232
1,9,6,5,2,69.08725771046015
3,21,8,1,3,85.8358066736231
1,9,1,3,4,49.59262752198354
2,10,5,5,1,73.71576352252616
1,18,15,7,5,100.0
1,18,1,6,5,79.35440616314028
1,10,7,3,1,73.6710725397246
3,19,2,7,5,95.68211405256758
2,20,24,6,4,96.60475584589608
3,19,13,4,5,100.0
2,21,21,4,2,100.0
1,15,6,1,2,73.21407665386998
2,21,7,7,3,98.81529304852599
3,9,11,7,4,100.0
3,7,13,3,1,84.38632575845911
3,17,2,7,2,93.1132946029094
3,6,5,1,4,53.317093529904454
1,2,9,6,4,53.02159876981175
2,16,19,1,5,97.21591330648471
2,1,6,7,5,50.626201658268585
2,13,1,6,3,78.99858925975371
2,12,22,2,4,76.41783746348759
3,5,23,2,1,57.19835630477017
3,7,13,6,3,95.18112261569829
2,7,19,3,2,79.55787706623038
3,1,21,5,5,62.44453488694375
2,6,11,6,3,83.72552302896663
3,13,23,5,3,97.00163391732997
3,24,5,3,3,64.89036079709327
2,5,14,7,4,93.59647951180165
3,2,7,3,2,53.68983058129355
2,13,6,5,2,90.01506026073493
3,4,14,5,5,83.68727811591133
2,17,15,6,5,100.0
2,19,13,3,5,100.0
3,5,15,7,5,96.70958441898094
1,3,5,6,3,48.29674616817316
3,6,9,6,2,80.63576464092961
3,4,6,5,5,58.308579607442404
2,7,7,4,5,61.61664653177673
2,16,3,6,2,86.38120694726024
1,2,22,6,4,58.15811462672481
1,7,15,4,5,74.33689611710939
1,21,15,6,2,100.0
1,23,15,3,5,88.24745204855935
3,7,3,3,1,58.3959932022845
1,24,23,3,3,60.48017035064896
2,15,17,7,5,100.0
2,2,23,7,2,61.938530362090226
2,10,7,4,5,75.7981998528934
2,24,5,4,1,61.937825412938075
2,8,7,1,1,60.33185358985526
3,7,2,3,3,50.49771469724933
3,1,10,2,3,57.43300945354866
2,8,9,3,2,76.64103581429293
1,6,1,5,1,53.10713618006017
1,12,16,4,5,96.30808894647755
1,13,8,4,1,92.66785906896587
3,12,18,1,5,100.0
2,23,9,7,4,98.59871000108946
2,22,15,5,3,100.0
1,14,11,7,4,100.0
2,10,6,7,5,79.84444434349469
2,23,18,3,4,97.09722357070841
1,11,24,4,3,69.15833009590551
1,3,15,1,2,58.609611324442525
3,1,20,5,4,64.94272588294578
1,1,14,1,4,45.11891600970593
1,22,11,2,4,87.29347892154013
3,15,17,1,2,100.0
2,11,10,4,1,88.83187959243976
1,22,16,1,4,88.90130557381035
2,20,17,3,5,100.0
3,10,14,4,1,99.05822486751852
2,22,19,5,1,100.0
1,7,6,2,1,51.325808842693455
1,15,16,7,1,100.0
3,1,16,5,3,73.12843769040524
1,19,21,4,5,100.0
1,6,21,4,5,62.36769678023858
2,11,22,7,1,100.0
1,10,13,5,4,87.28007604252858
2,7,4,5,4,54.94829717819742
3,12,4,5,3,77.52574610877909
3,8,10,1,2,77.94381734444362
2,2,22,4,2,57.71943047395995
3,7,5,7,1,75.22285197333424
1,14,3,1,2,63.397058322910624
1,7,18,7,5,94.39905598047469
2,10,15,1,4,86.7666758800173
2,3,5,6,4,55.26344005070422
2,9,21,7,3,99.24227131253559
3,22,23,6,4,91.58665396406809
2,3,9,1,1,42.44950688178009
2,18,15,1,2,100.0
2,12,10,4,2,94.7348481617168
1,21,1,7,1,75.78282330285717
1,5,14,1,4,58.759311481828114
1,14,22,3,1,85.7461459933949
3,7,13,2,2,84.0059690374202
2,10,9,5,3,88.74896996361142
1,7,3,5,5,47.59368713569607
2,16,23,5,1,92.80055776555531
1,3,14,2,5,57.049650968832466
1,13,19,3,3,100.0
2,4,18,2,2,66.27509033117452
1,18,11,4,3,98.06128590465937
1,17,14,2,3,97.97599093599196
1,22,4,2,2,60.225243636669866
1,6,8,2,2,52.203695907208036
3,4,22,4,3,68.33712294446119
1,18,1,1,2,60.81737300918728
3,24,7,6,3,81.31526485590678
2,22,15,2,4,97.36208585660066
2,7,17,6,4,92.37396937880922
2,15,1,4,2,76.3221752479006
1,10,14,1,1,80.45208639022505
2,1,2,2,5,17.792085264451956
3,24,24,6,5,76.41506626890629
1,15,9,1,3,82.40039880276008
1,15,6,3,4,85.68512598848947
3,6,13,1,4,69.41448193288718
3,3,24,5,1,54.4780100190706
2,7,13,7,5,93.59221581544026
3,15,18,7,5,100.0
1,23,22,5,1,81.81140123362634
2,23,16,5,1,100.0
1,3,7,4,1,46.11007733627755
2,3,3,4,4,35.49129121037814
3,11,9,5,2,95.23211283444395
2,16,2,4,4,77.49431987397318
2,9,4,7,3,73.74953926865119
3,6,18,7,2,95.72941640577903
2,23,14,2,4,85.7511260464077
3,5,17,6,4,88.8472954421738
1,13,16,6,4,100.0
1,15,14,7,1,100.0
2,6,8,1,5,49.7855495524982
3,21,2,5,2,85.41984867332768
3,24,5,2,5,59.89025375592287
2,12,19,1,5,88.53528776185682
3,16,1,3,4,76.45737774968244
2,8,4,5,3,60.545911111451375
3,23,20,1,4,92.30593633823003
1,24,1,6,3,51.164391683408105
1,2,14,7,2,67.86815159827982
2,20,9,4,2,97.40884450143075
2,15,1,5,2,80.79071497423406
1,13,12,2,5,94.6738063626859
1,1,23,4,5,41.46045663855641
1,15,9,5,3,100.0
2,10,2,7,2,72.17310656299324
1,20,24,2,5,71.79994571221137
3,19,11,6,1,100.0
3,5,6,1,5,48.235034310444405
2,15,24,4,5,80.14269759959171
3,6,14,3,4,79.55806833858753
3,13,17,5,2,100.0
3,23,6,3,5,73.4087771883937
2,16,2,5,1,79.69259853706862
1,15,24,5,1,81.0186382144419
1,8,7,6,4,72.83493917874114
1,17,2,1,2,59.18670229110062
2,9,14,3,4,85.30166226734383
1,10,5,3,5,63.643985568607896
2,8,13,5,3,89.71519262994423
2,14,1,2,5,64.45369000738849
1,12,2,2,3,57.1109844465419
3,12,17,1,3,94.70933469954576
1,17,4,2,2,72.20761423447519
2,16,3,1,1,65.4964209529586
1,21,22,5,1,88.92333102827695
1,18,2,7,3,83.6728741152547
3,17,21,2,2,100.0
3,22,6,2,4,77.09125603340144
1,5,11,5,3,67.34175785600745
1,12,21,4,5,94.19731262452983
3,9,21,3,5,83.60275164732738
2,11,3,3,1,68.70781309182173
3,2,8,2,2,53.922351759748764
1,16,3,6,2,89.00404942928233
3,7,3,7,1,67.66783636948459
1,18,24,2,2,74.67722263965338
1,2,17,3,2,69.76232082406555
1,9,7,4,1,67.44654559684959
1,13,16,1,1,96.5650315626994
1,17,23,4,3,91.35536429584278
2,21,22,6,1,100.0
3,13,24,2,5,77.97415107445957
3,12,14,7,4,100.0
2,14,23,5,2,91.37734141682934
2,8,23,3,5,69.97624475181283
1,15,4,3,5,68.01666822226943
3,10,18,6,5,100.0
3,24,24,1,2,62.00073902085402
3,16,12,3,4,100.0
3,6,15,2,3,77.90177703265437
1,24,15,1,1,73.16889873184493
3,22,2,1,5,57.15478978667268
3,14,13,6,5,100.0
3,9,24,1,2,57.026185479864175
2,13,3,5,3,79.13071298885515
1,14,3,6,3,77.51719785590761
2,20,5,7,4,96.76653089388078
2,13,20,2,4,93.4201951866575
2,14,12,1,3,94.8904753106951
2,2,8,2,2,43.541105085654685
1,14,2,6,1,85.01465559107318
3,1,15,5,2,80.57214178751494
3,16,4,5,1,90.3351441352917
2,8,5,2,1,58.688496939201826
1,19,7,7,3,95.80771425936436
3,3,13,6,1,76.40601140580266
1,22,16,2,1,92.61001184784587
2,17,8,7,5,100.0
1,9,23,1,3,61.67182805392268
2,1,12,7,2,72.95296417854276
2,19,21,6,4,100.0
2,20,19,1,1,100.0
3,9,3,4,3,62.98416296833522
3,21,10,2,4,94.05586835846378
2,21,12,7,3,100.0
2,9,22,3,3,82.31538491889891
3,23,5,2,2,65.23454258932887
2,7,4,6,5,60.31010177584152
3,1,11,4,3,58.513449850542465
3,8,9,1,3,75.9042157749274
3,16,24,5,5,100.0
2,16,7,4,5,93.0937574017795
2,22,12,6,2,100.0
2,19,19,4,1,100.0
3,21,6,3,5,91.06410564424404
1,14,13,5,3,100.0
2,13,6,1,5,74.26991236072318
3,16,20,6,1,100.0
2,20,1,1,1,62.17527225007957
2,16,19,6,1,100.0
2,12,4,2,2,67.23516656500016
2,3,13,6,2,71.75125898186631
1,22,12,3,2,89.61279216224514
3,20,8,6,1,100.0
2,22,23,7,5,97.33390227974941
3,12,11,7,3,100.0
3,23,8,3,3,83.37435438514427
3,4,9,5,1,68.88445659361052
3,15,14,4,5,100.0
3,24,22,3,1,77.1512920892111
3,6,6,2,1,56.14454856404058
1,11,15,6,5,100.0
3,6,5,6,1,65.93631766592632
3,6,18,4,5,87.8731765793554
3,3,21,4,4,61.86845308315478
2,8,19,5,2,93.2836805159571
2,18,22,7,4,100.0
1,6,4,5,2,51.3352974463142
2,24,16,7,1,100.0
3,8,16,7,5,100.0
1,17,5,3,4,84.713756537591
1,8,3,3,5,38.633792393266845
3,19,12,3,3,100.0
3,8,22,6,5,84.14226154719167
2,17,5,2,3,79.50549345214155
2,13,15,3,5,100.0
1,15,9,6,5,97.66430958042926
2,16,15,4,4,100.0
2,16,21,6,1,100.0
2,18,16,7,4,100.0
2,10,9,7,2,93.67689407980416
3,12,10,6,4,100.0
2,10,19,6,2,100.0
3,7,13,1,4,76.9204496339938
2,18,4,1,5,72.20755880414609
2,7,2,2,2,44.50645390894691
1,20,18,5,1,100.0
1,8,5,6,5,67.75460481922408
1,24,11,1,3,70.31178820647283
2,2,18,2,2,55.39823082956219
2,22,1,5,4,71.81913235160617
3,24,9,2,5,78.45104570350692
2,10,8,6,1,91.54843337070481
2,3,5,5,5,43.58258720043507
1,23,7,6,3,78.87393398585125
3,5,12,7,4,89.01392998186161
1,9,8,2,5,61.83621947849699
1,12,5,3,3,68.6840877796285
2,2,14,7,2,80.50379887494839
3,18,15,4,4,100.0
3,9,8,2,1,71.15297310554848
2,6,19,7,3,86.64964412260419
2,18,8,5,2,100.0
3,5,19,4,2,84.6547467543592
3,8,24,2,1,65.53801053567877
3,5,14,2,1,69.58859859622844
1,24,7,1,4,54.97744301520739
2,8,20,4,5,84.497825844023
2,2,13,1,4,53.71191245824107
2,9,2,1,3,48.74092660132418
1,18,24,4,3,88.25129639269048
3,22,13,1,4,96.9922625899063
1,10,20,2,4,81.13656292525589
2,1,2,6,4,41.38953807498319
3,14,15,6,3,100.0
1,13,16,3,1,100.0
3,21,22,2,4,90.52760649851234
3,6,13,7,2,100.0
1,4,24,2,2,41.931881547249986
1,24,6,5,3,66.86996683248658
3,10,10,3,1,94.0558645700371
3,11,11,6,4,100.0
1,21,11,7,2,100.0
1,8,5,7,4,70.12241885513163
2,3,8,3,4,48.609642230143486
2,22,21,7,1,100.0
3,1,17,7,3,84.53079447746616
2,6,13,2,2,75.46669939452612
3,21,8,1,4,82.50491739139353
3,15,6,2,1,86.29820657504376
1,12,16,3,1,95.05655062701688
3,11,6,5,2,87.3160779381997
3,21,18,5,3,100.0
2,12,12,3,4,100.0
1,1,19,7,5,75.67291199942599
2,3,5,3,2,41.82366934760228
2,18,3,3,3,78.5838269739921
1,24,24,4,2,56.819252781944286
2,1,1,2,1,18.59485032748335
1,13,23,4,1,82.04103360247143
3,2,11,3,3,56.1215788847739
1,20,12,6,4,100.0
1,2,1,3,5,21.817415349271513
2,23,21,2,4,86.00597417851694
1,24,20,4,1,86.18507356984813
3,21,20,3,2,100.0
2,7,10,6,1,84.14184923392659
3,7,3,4,1,58.56203902815881
2,2,12,7,4,76.67269382845623
3,24,12,5,2,90.20201495227627
1,23,15,3,3,91.05206398082005
3,12,10,3,5,94.27724165990567
2,15,8,2,3,95.84274279557468
1,4,20,3,1,60.505762364323544
2,14,2,7,2,84.51321417111066
1,8,22,1,2,63.15683501303096
1,10,12,7,4,95.13347553264482
2,5,21,4,5,66.67330310558211
1,22,22,1,3,71.09579208297276
3,1,14,7,4,82.58135638231077
3,2,9,3,1,52.36773123954346
1,17,21,7,1,100.0
2,15,5,5,1,87.11076422955193
3,17,18,2,2,100.0
1,21,10,2,3,86.50592395548364
2,17,23,6,1,100.0
2,11,16,4,5,98.38548180708713
2,10,3,6,4,74.13640541487683
2,6,2,4,3,49.028043783512786
1,1,12,7,3,67.5671063558443
1,18,14,4,4,100.0
2,23,17,5,2,100.0
1,19,8,7,1,97.32091983249983
1,6,18,6,2,90.5770312669375
2,15,16,1,3,100.0
1,8,11,5,3,81.41872648531199
3,15,13,6,3,100.0
3,20,14,4,1,100.0
3,18,19,6,3,100.0
2,10,12,5,5,98.15116290480613
1,7,5,3,2,49.342325061064244
2,16,6,2,3,85.93759015942031
1,1,1,6,4,34.9723327657174
3,12,9,7,4,100.0
2,11,10,5,4,92.77305280392348
3,20,4,6,1,92.3570062367949
1,3,11,4,5,59.3529629605109
3,5,1,5,2,53.01817891636534
1,24,22,1,2,61.53129323835038
2,23,6,3,4,72.0195718253356
1,20,3,4,3,72.09326229765485
1,19,19,4,5,100.0
3,20,10,5,5,99.499886914027
3,2,17,3,2,72.22256149324983
3,5,1,4,2,44.816513392223044
1,22,4,5,1,71.37487319475369
1,24,15,6,5,94.38585626668215
1,10,17,1,3,84.96638920301305
3,24,17,3,5,98.17835180245929
2,18,10,6,4,100.0
2,23,2,6,3,72.11417039686174
3,4,6,4,3,58.793754408116506
3,1,11,7,5,78.23787689694022
3,18,18,3,4,100.0
3,14,12,3,3,100.0
3,16,17,1,1,100.0
1,6,13,3,4,68.82832370840819
2,9,7,3,1,68.51950073852035
3,7,9,6,4,84.68745288474041
1,22,10,3,1,79.88555077072704
2,15,18,7,3,100.0
3,23,23,3,4,86.55440289207631
1,14,5,7,4,88.89372282069108
3,11,3,2,4,65.8634284298637
3,24,8,1,4,67.87705690198638
2,18,3,2,1,74.06894727738779
1,18,19,4,2,100.0
2,3,6,5,5,57.464814280620224
2,20,9,3,5,92.52136993461615
1,16,17,2,4,100.0
2,10,1,2,1,51.01074843563633
2,4,10,1,4,53.47582501083246
1,1,6,7,5,51.84581240141088
2,21,12,7,5,100.0
1,1,8,4,3,44.751938846499165
2,6,8,4,3,67.95356333813088
3,23,20,5,2,100.0
3,20,12,7,2,100.0
2,14,14,3,5,100.0
3,3,14,3,3,72.13662714631606
1,18,11,1,4,88.95750220268555
2,4,5,6,2,56.51571724741314
3,21,9,6,1,100.0
1,15,4,4,5,83.69543819242432
2,16,2,7,4,91.72541417048166
3,5,9,2,1,65.05553462636544
1,23,19,5,3,93.70757693992114
1,13,2,3,1,62.28114002421394
1,13,21,6,5,98.18191015183359
1,7,14,4,3,79.69654978747154
1,7,4,3,5,46.41459589340106
3,6,1,2,5,38.83027068520427
3,22,23,4,4,94.1834066375796
1,19,24,6,3,88.87297791949239
2,12,9,6,1,98.38950538793874
2,2,18,1,4,63.266319223418165
1,2,1,5,1,35.313738689331245
3,21,11,2,2,97.87487838417775
2,6,18,4,4,79.99449359515013
3,14,12,6,1,100.0
3,21,3,5,2,82.078220800391
2,4,1,4,5,33.111346731166066
3,21,1,1,5,66.57721833846712
1,12,8,5,5,84.53922245002717
2,3,2,2,4,36.47926890868324
1,24,6,5,3,72.43132677668875
1,2,23,4,4,49.75283399600354
2,23,1,6,4,70.23485259276995
3,7,5,6,4,71.1985577320418
1,18,17,7,3,100.0
3,17,14,5,2,100.0
1,8,20,4,3,82.47204213828502
2,8,22,7,3,88.87670814898445
1,21,19,5,4,100.0
1,8,2,7,2,64.13283798124309
2,7,10,1,2,67.13996231029883
2,20,15,4,3,100.0
3,2,4,4,4,44.93205099317389
2,13,23,1,5,76.19760410535095
2,17,21,7,5,100.0
1,21,10,6,5,97.09501917894679
3,13,12,5,5,100.0
3,19,24,4,5,91.95034596388331
3,22,7,7,3,100.0
3,19,24,5,4,96.0841480479494
2,11,11,5,3,96.83613608707937
2,6,23,1,5,47.9412545124453
2,12,7,7,4,94.68303757386064
2,11,8,1,2,74.14456427453294
1,24,2,1,2,44.13272730661624
2,22,4,5,3,76.26519412722685
2,12,18,5,5,100.0
2,16,22,7,2,100.0
1,22,23,3,1,74.74186546641423
3,7,1,1,3,41.071197099896104
3,5,4,2,3,44.861461578090115
3,14,22,2,1,96.01570973268231
1,23,19,3,2,85.05763922273847
3,11,23,7,1,100.0
1,2,17,1,2,55.786313964548725
1,8,1,1,2,36.80475361953089
3,6,17,1,5,79.17581447315159
2,12,18,7,5,100.0
1,23,1,1,3,42.677719812921254
1,12,21,5,1,96.15875623669474
2,11,6,5,5,71.21332940234485
3,6,2,1,4,37.91455256395646
1,16,23,1,2,73.9722371930002
2,15,1,4,5,74.16970045328843
2,4,3,1,3,26.54234298767872
2,20,18,4,5,100.0
1,6,22,1,5,53.11444647942497
1,5,9,2,3,52.324017590918515
1,15,10,5,1,100.0
3,17,15,2,2,100.0
1,17,13,1,1,99.0600401733961
1,20,4,6,4,78.5231759527866
3,8,16,2,3,91.18181343472476
2,17,4,4,5,80.36910813036738
3,6,11,2,2,70.4690067599022
1,1,4,7,2,46.26762153560628
2,12,18,5,1,100.0
1,22,20,6,4,99.92668352826314
2,13,7,2,3,78.21778078208956
3,14,7,7,3,100.0
1,21,13,2,5,93.63407084844896
3,24,5,2,5,62.81864296201587
3,12,14,1,4,96.36432822046184
3,17,16,3,3,100.0
1,2,5,2,5,26.24494224534466
3,8,18,3,5,89.63226319856913
3,4,10,4,5,71.87849082193735
2,16,22,2,3,96.92428996255279
2,18,24,3,3,82.15811348845507
1,15,5,6,1,87.57607900064227
2,19,15,6,4,100.0
3,19,8,5,1,100.0
3,5,16,5,4,86.80810412681919
3,14,17,3,5,100.0
3,21,12,3,5,100.0
3,21,20,5,4,100.0
1,3,17,3,2,55.99726998582478
2,22,8,2,1,81.82682941366241
3,18,11,7,5,100.0
3,15,13,1,5,100.0
1,9,4,2,1,49.19378360603511
2,9,9,1,5,67.86043966804142
2,16,24,4,2,90.51470205831352
1,8,20,1,1,67.59749355975406
3,19,11,1,5,100.0
1,10,13,3,1,89.2775106981848
1,6,23,1,4,50.10590901262935
2,9,14,7,1,100.0
1,13,18,4,1,98.67357328525752
2,22,7,1,3,73.66233560528897
1,6,4,1,1,32.10237487529723
1,15,11,4,5,100.0
1,20,3,7,5,84.48855715903233
1,14,13,2,3,97.50084958741124
3,18,8,1,1,92.6735689056709
1,18,8,2,4,82.23161807253213
1,12,22,5,1,91.32955899920535
2,20,22,3,4,92.72795722705726
1,17,10,6,1,100.0
3,6,4,6,4,72.861794372912
1,2,4,3,1,31.883816403116583
2,11,3,4,1,68.2267575486834
2,3,10,1,2,48.570478548212996
3,3,10,6,4,67.68568839451679
2,11,4,3,4,68.27040940793586
2,21,15,2,1,99.6775315451751
2,14,16,4,4,100.0
3,24,4,3,3,60.22149521887491
3,16,17,4,2,100.0
2,14,13,6,2,100.0
1,13,15,2,5,86.5828733170783
3,24,3,2,3,54.05816672874978
2,22,7,5,1,87.24560734021033
2,1,14,7,5,77.68911362136713
3,22,11,2,4,87.05621851606861
3,18,15,3,4,100.0
1,2,11,3,1,52.696022848543414
3,3,15,4,1,71.92783456855285
1,3,5,6,2,49.707452746204545
3,15,4,3,3,85.57029297902012
1,24,4,3,5,54.132608994132234
3,3,20,1,4,62.505306260725014
1,7,3,6,5,51.963507605526495
1,11,21,5,3,94.64908203440352
1,16,13,1,2,95.69911946506645
1,14,5,4,3,78.13744593358153
1,2,10,6,5,54.035601500180434
1,24,12,7,2,100.0
2,24,6,2,2,65.92318461683733
3,24,23,1,5,59.55627372548925
2,11,14,1,2,88.93475458800275
2,22,16,7,2,100.0
2,8,9,6,2,82.73613175054017
3,7,13,5,5,93.73968127927101
2,13,17,6,4,100.0
1,17,15,2,4,100.0
1,15,18,3,4,100.0
1,16,21,4,3,98.54809423132326
2,11,18,6,3,100.0
3,5,12,6,1,85.55363850851165
1,6,9,3,1,64.05122878864931
3,6,7,3,2,70.4976082005068
1,24,6,4,5,63.95997362620407
2,3,23,7,1,61.44229599299661
1,13,4,4,4,70.2854421027205
2,1,1,3,2,25.821820133515438
3,7,17,6,4,100.0
1,17,10,4,3,99.58297522017615
1,4,5,6,1,48.944884667208726
2,4,11,5,5,70.4433573910782
2,19,2,4,5,74.96796102563418
3,20,7,5,3,98.97248466883491
3,8,2,7,4,75.45662762113933
1,18,10,4,2,98.97999969569783
1,4,8,4,1,50.71239707139098
2,18,8,2,3,92.46028840706614
2,1,18,6,4,78.74820807101763
1,10,13,1,4,78.29087561585413
2,9,7,6,1,78.52653930103615
2,14,5,1,1,72.05122133857493
3,18,22,1,2,94.00621167401553
1,4,22,1,3,46.613624409215326
1,11,4,1,5,47.852237325083216
1,8,12,2,2,69.49168997223262
1,19,13,2,5,95.08374328360217
1,1,1,1,2,10.34599614243293
2,18,21,5,3,100.0
3,8,20,5,3,94.87715973445674
3,18,16,6,2,100.0
1,20,17,5,1,100.0
2,7,24,6,1,70.28603696000887
1,17,8,1,3,77.22738423908801
2,13,19,3,1,100.0
1,15,7,2,5,81.79016963740195
3,11,2,6,5,71.67098084584643
2,20,11,3,3,98.15333569532223
2,10,10,5,4,91.73832030051055
2,16,5,5,4,95.43295872333964
1,16,11,7,1,100.0
2,20,5,6,4,92.54133077708018
1,7,2,1,5,35.209999390908656
3,20,14,3,1,100.0
2,2,12,6,1,66.93789456955204
1,1,22,1,2,38.357978956466965
3,11,4,4,5,75.69263547241974
3,13,6,1,3,77.35076030067546
2,1,4,2,1,32.28915383711141
1,24,4,7,4,64.24140963940857
3,18,17,2,5,100.0
1,6,9,5,3,63.554501462633276
3,2,4,4,5,41.11168394379662
1,6,22,1,4,52.373057865793434
3,7,24,2,2,57.967439443355076
3,14,16,6,4,100.0
1,5,9,3,2,56.72593221296572
2,4,19,7,4,80.25464097017091
3,19,14,3,5,100.0
2,3,9,5,4,62.675677121712226
2,4,23,3,2,52.99824724039672
3,1,7,5,2,56.865062502590966
2,18,10,4,2,100.0
1,1,24,2,3,28.07157374510248
1,16,11,4,3,100.0
3,2,13,7,5,83.26818743080817
3,7,8,3,5,69.7604975680549
1,4,22,7,5,66.08798505175417
2,8,10,1,2,71.32942609831358
2,23,10,5,2,93.00633669133778
2,13,12,5,3,100.0
3,9,4,3,1,68.71744141957402
1,17,12,2,4,89.68584153415215
3,19,15,4,1,100.0
3,3,6,6,1,54.64196521280883
2,15,18,7,5,100.0
1,10,11,3,2,79.17824738112064
1,15,24,7,4,93.34130359641011
3,3,11,7,5,82.54893543198398
2,14,16,7,2,100.0
2,16,9,5,2,100.0
1,12,18,5,1,99.67920844128282
1,20,13,5,4,100.0
2,11,3,2,3,62.03276876071529
1,14,7,4,3,85.85653184269191
1,24,1,4,2,47.88860958882245
2,23,6,7,5,86.84479635423396
1,23,6,2,5,62.86306645638101
1,23,2,5,3,60.20821654435666
1,1,17,4,3,64.88261239703115
3,13,17,2,5,100.0
2,18,2,2,5,64.43762543771949
1,21,24,3,3,74.03318555861642
1,23,12,1,3,80.1065868160318
1,8,11,6,5,83.86560298364746
3,21,2,2,2,70.14923265338136
3,12,11,7,4,100.0
3,23,6,6,5,82.18895083028886
1,6,7,2,3,49.90200230405354
3,12,9,5,3,100.0
3,11,17,3,1,100.0
1,21,24,1,4,59.97231206026922
3,15,4,3,5,86.92605047428815
2,3,3,5,3,42.56294249847345
3,4,10,1,1,60.6059481657319
2,11,13,1,2,87.54588536971723
3,16,23,1,1,90.46789018430316
1,4,5,5,2,48.32092677188607
3,20,7,6,1,100.0
1,9,16,3,3,83.09235074484504
2,22,19,4,2,100.0
2,12,19,2,3,93.60511147616408
2,17,4,1,5,71.78981970589476
3,22,8,4,4,95.10187591858397
1,9,16,6,2,95.91534592647545
1,23,17,4,2,94.9898075142191
3,19,23,5,1,100.0
1,21,20,3,1,99.44412743934843
1,2,3,2,4,20.59326374142761
1,14,13,7,3,100.0
2,6,11,5,3,82.05352165924312
3,23,7,5,3,85.88425885701747
3,20,18,5,3,100.0
2,14,21,4,1,100.0
1,15,2,6,3,80.82112919035588
1,14,21,4,4,96.88728765046145
3,3,8,5,5,63.77402196364608
1,7,5,5,1,62.13325071666625
2,4,8,6,1,67.77700959792303
1,13,7,5,3,86.49839209419157
1,24,9,5,1,77.5729806415039
2,18,18,5,1,100.0
3,1,3,6,4,51.862435538304766
1,14,1,2,5,59.55528084794529
3,14,17,2,4,100.0
2,20,16,7,1,100.0
1,17,15,7,2,100.0
3,4,15,5,3,87.7790587055881
2,13,20,4,1,100.0
2,3,21,7,4,77.49381232647032
2,12,17,4,5,100.0
3,13,11,7,3,100.0
3,12,17,1,3,100.0
2,5,13,4,2,75.7525483178531
3,1,2,3,1,32.01478605516135
3,5,16,4,2,81.34008226247396
1,5,2,2,2,31.89952137610418
2,6,11,3,4,68.62281290862681
2,4,21,7,4,76.98236635836932
3,24,20,7,5,100.0
2,6,17,3,1,78.94537612872219
2,6,24,7,5,68.00069450129772
2,4,4,4,2,44.59105000685906
2,18,9,2,4,96.8810549196582
2,17,4,5,4,85.41029125551904
3,20,17,3,1,100.0
1,20,14,7,1,100.0
3,10,10,3,2,88.39953540258853
2,4,13,7,4,83.39443877961314
2,2,16,3,4,67.15327794075033
2,15,23,4,3,96.17263470678144
2,2,1,4,4,34.69982302123192
2,20,16,3,2,100.0
3,5,6,4,3,59.407889120718
3,14,1,2,3,63.63431992710483
3,18,6,1,2,87.56753171022167
2,19,8,5,3,100.0
3,15,23,5,4,97.99483843872969
3,7,15,6,3,97.57475093375524
3,9,19,1,5,78.10879856461483
3,10,14,5,1,100.0
1,18,17,3,1,100.0
3,20,16,5,4,100.0
1,2,1,3,4,28.120775273188514
1,20,12,7,1,100.0
3,5,23,7,1,77.40176536800057
2,16,11,2,3,100.0
1,2,5,6,4,44.377541769042686
1,3,2,3,5,31.510534928031042
3,10,12,6,3,100.0
1,9,24,4,4,60.499602915500425
1,4,12,5,4,69.37784297684051
3,22,17,3,3,100.0
1,18,19,6,1,100.0
1,7,13,4,2,79.42149858602328
1,15,6,4,1,82.66854590425679
3,14,9,1,2,89.31139308040693
2,1,10,6,1,62.9584332495624
1,3,10,6,2,63.571466996243565
1,23,17,4,1,99.10847980117794
1,15,9,6,4,96.94952317222575
3,23,20,4,1,97.48341213228453
3,10,8,2,4,80.51952243884763
1,15,11,4,5,100.0
2,11,3,5,5,68.27318861010248
3,16,24,6,3,100.0
1,11,9,4,3,88.1701451912136
2,4,2,6,5,43.60234873002716
3,23,10,5,3,99.01536039568087
1,18,17,2,2,100.0
2,14,9,7,4,100.0
2,5,19,3,3,72.61025646215565
1,18,20,1,4,90.14794469508786
1,24,21,7,3,93.60946270410246
1,11,18,3,1,98.69466833261319
2,3,9,5,5,58.34784134161094
2,2,15,4,4,65.9584876324715
2,16,8,5,2,99.65103645149598
2,10,17,5,3,100.0
3,15,12,7,5,100.0
2,23,2,6,4,71.21817487037568
2,15,22,2,2,91.37117346978698
1,20,13,1,1,96.15589682819706
1,23,12,5,4,100.0
1,7,8,2,2,57.46533966855455
3,13,21,1,4,91.99800164810406
1,14,10,4,4,93.92345772708616
3,8,7,7,1,88.9128132336831
3,2,14,7,1,87.26776442461768
3,5,22,1,1,56.53153463399623
3,2,9,4,3,58.80569067101171
2,24,23,5,4,71.88347203178716
2,19,3,4,2,84.43414703441894
3,24,6,3,4,65.89667828329955
2,8,1,1,3,43.49049361167731
3,3,17,4,5,76.52415164487249
1,5,12,6,2,76.15694350320814
2,16,19,1,4,100.0
2,19,22,7,5,100.0
2,11,5,1,2,65.35654308881078
1,4,20,4,5,65.41507193818958
1,14,9,2,5,85.9956645146405
3,2,11,1,2,58.307070459479235
3,9,24,6,5,78.97809816645062
2,5,1,7,4,54.80937393138684
2,7,15,1,2,73.73737482577599
1,19,10,5,5,100.0
3,9,17,1,1,91.82506168483468
3,21,18,7,1,100.0
3,2,18,6,4,80.80173745031833
3,9,18,6,1,100.0
2,5,1,2,1,32.33648522284046
2,11,16,4,1,100.0
2,3,2,3,5,32.75971999796565
1,17,14,2,4,99.89668077409542
1,12,20,6,4,98.76985316132523
2,17,13,1,1,100.0
2,4,17,6,1,85.52284725229902
3,24,5,7,2,79.16376608697475
1,19,10,3,1,94.92834863901469
3,13,17,5,3,100.0
3,12,16,2,3,100.0
3,13,6,3,4,90.39519465530266
3,24,24,5,1,73.00330032060471
2,14,9,3,3,91.29058808327756
2,1,22,5,2,64.79515792133402
1,18,11,7,4,100.0
1,24,21,3,1,75.6346275232543
2,2,21,1,2,50.96273636310532
2,22,24,4,1,77.49985855764348
2,22,18,4,4,100.0
2,7,15,5,1,92.99953096883146
1,23,7,7,4,82.29064423712478
2,17,16,4,5,100.0
2,10,18,2,2,86.09821586319815
2,14,17,2,4,97.85155404943285
3,23,6,2,2,69.3302061457741
2,4,11,7,5,82.02471698850154
3,24,11,5,5,88.8696454819202
2,6,15,3,3,80.26523536861593
3,5,10,6,3,73.74837556287315
2,12,5,3,3,70.60913601663688
1,20,4,6,2,93.16722068582187
2,20,12,3,4,100.0
2,23,16,5,3,100.0
1,1,2,3,5,15.93198420657814
2,12,7,7,3,93.46658742875175
1,16,5,6,5,84.9183768156706
1,22,19,4,2,98.91416307548248
3,23,3,6,1,78.2740207242021
3,17,13,2,1,100.0
3,21,7,1,4,83.25921877119981
2,24,17,7,3,100.0
1,8,23,1,4,53.8155866156244
2,15,4,7,3,93.46976561971513
2,3,22,1,2,44.84200220118287
1,23,14,1,1,81.42822841986013
2,23,20,4,3,85.36766906407934
3,11,13,7,5,100.0
1,20,7,7,2,100.0
3,8,14,7,3,100.0
3,3,18,4,2,76.6786089627135
1,1,19,4,3,57.93496175046562
2,9,15,3,5,85.95815141658454
1,24,22,5,3,73.29794116601146
1,22,17,3,1,94.51267592310023
1,1,18,6,2,64.63941665282948
3,10,18,2,2,96.82961221125369
3,22,11,6,3,99.26607826976851
1,14,9,3,4,84.7218342904686
3,13,20,4,4,100.0
3,15,9,5,1,100.0
1,20,15,1,5,91.4818443472246
3,23,12,6,3,100.0
1,3,23,7,1,56.79869589968265
3,23,4,4,3,74.6372150697536
2,16,5,1,2,78.27503305364871
3,1,1,5,1,44.795673859527376
1,16,13,3,2,100.0
1,3,2,4,5,31.887030680283935
3,22,22,3,3,94.99155984940131
2,21,12,4,2,100.0
2,18,19,6,2,100.0
3,19,20,5,4,100.0
3,2,18,4,5,69.65226549056302
1,19,21,1,4,89.8575463730372
2,24,1,7,2,65.89975604770892
1,17,19,2,2,99.75561772393509
3,3,24,6,4,58.91863496724861
1,12,13,1,3,82.09113796102262
1,22,13,7,4,100.0
3,13,8,2,5,86.43340373435613
2,9,13,4,1,91.73587390642173
3,3,7,5,4,55.32761967145616
1,7,11,1,5,61.3891969409756
1,11,17,7,2,100.0
1,12,1,4,4,62.05969785924689
1,11,20,2,5,83.94441779701711
2,21,2,6,4,82.28092715492984
1,19,14,1,4,93.63172990723301
1,14,11,2,4,85.18893803946214
3,17,21,4,3,100.0
2,4,9,7,5,75.32590184281712
3,16,19,5,1,100.0
3,24,10,7,3,98.73352819856572
3,3,15,3,1,71.60997022955067
2,10,14,3,4,95.22053659268155
3,12,10,1,4,86.34059289149405
3,21,9,3,3,97.78385751262057
1,16,9,1,1,80.04624559162421
1,16,20,7,1,100.0
3,5,5,1,5,48.62196815325095
3,5,23,4,3,66.15988339051901
1,8,2,2,2,38.91005052334532
2,3,24,3,1,41.05979870113535
1,23,9,5,3,86.95356561890743
2,1,10,4,4,60.29261345206562
3,23,5,5,5,76.0282841738092
3,10,4,2,4,57.33650524934974
3,6,19,1,5,72.34171336714661
2,11,24,3,2,76.22204541628238
2,16,12,5,3,100.0
3,3,21,2,4,53.13258393081656
3,2,19,5,1,73.49753909929751
3,7,17,3,4,88.84396124022356
3,21,5,3,1,81.9347989600785
2,19,17,2,4,100.0
2,3,14,5,1,74.63028039609345
3,5,1,2,5,35.35464389832207
2,20,3,4,3,78.17142715597258
2,1,22,6,2,66.68846553576094
2,9,14,5,5,96.41800611106012
3,14,5,5,4,89.33716460465675
3,5,13,7,4,93.9352008023255
3,17,6,5,3,99.23560754296545
1,24,4,6,2,63.946797775235865
3,20,10,7,3,100.0
1,15,12,1,3,91.35418027064762
1,16,10,4,3,99.86146370719977
1,16,23,6,4,95.8082285694371
2,11,6,5,2,81.25101266395666
1,12,18,1,4,88.47112233427096
3,22,24,7,3,98.18741649735617
1,3,21,1,3,43.18235427719518
3,7,13,5,2,94.5028199290651
2,20,24,6,1,96.01109248061988
1,22,5,6,3,76.03576489627734
3,20,23,5,4,98.88056143214882
3,23,5,2,3,67.65524905907789
2,1,21,5,4,63.90408936358909
1,24,14,6,5,91.0348483192714
1,17,8,5,3,91.0108705163457
2,2,17,5,4,72.19997254763548
2,22,12,6,2,100.0
3,8,16,4,1,96.87392732103459
1,23,21,4,2,85.27690818611333
3,18,8,1,5,90.3808751839826
3,10,6,6,4,80.60092606211381
1,4,1,1,3,23.160293572118835
2,11,5,5,5,77.12550142113244
1,2,16,1,1,56.10720508511786
2,10,12,6,1,100.0
2,1,8,6,2,63.097187120302436
1,22,17,3,3,97.7355433858541
1,5,11,3,1,70.3246040373339
2,14,20,4,3,100.0
1,10,16,2,2,84.80162679619386
2,20,12,6,5,100.0
1,20,3,5,1,81.73678303426158
1,2,23,7,1,56.26427704854432
1,11,13,3,3,90.02687490239857
2,1,20,7,1,70.44189746365413
2,3,8,6,4,61.37478445280477
3,23,2,2,1,57.86548578579098
2,3,14,5,5,73.06040300032508
2,14,4,1,1,71.85669171544882
1,5,20,4,4,69.80132012434356
1,16,10,4,1,97.92310259602154
2,1,21,7,5,65.5826787749328
1,16,2,7,4,84.49165730373072
1,5,13,7,2,81.39233481449591
1,5,24,4,2,49.39354860880297
2,14,14,5,4,100.0
2,5,20,2,2,70.89310322604751
2,1,3,4,4,34.08224446360476
1,6,18,1,3,61.49057947175687
1,6,3,5,5,48.68106032294428
3,21,3,4,4,82.93413533043912
3,4,5,5,4,59.98502331610426
3,12,5,6,4,91.37434833618539
1,11,18,5,3,100.0
3,4,6,2,1,49.40374956280134
2,14,1,5,1,79.22717571901443
3,22,19,4,2,100.0
3,9,12,7,1,100.0
3,7,5,3,5,57.338847765720324
2,19,24,4,3,86.38104480013486
3,19,19,7,4,100.0
3,13,20,1,5,93.55707232579407
1,4,15,3,5,63.83574133030948
2,24,10,3,1,80.21705677881641
3,4,18,4,2,81.39523613358047
3,11,14,3,4,99.94555465275994
3,5,23,4,3,64.70283526051774
3,4,3,4,1,41.123835745302
1,20,18,7,3,100.0
3,21,24,7,2,100.0
1,8,15,6,3,94.67778037965535
2,11,10,3,1,87.92158705370449
3,19,10,6,2,100.0
1,15,11,5,1,100.0
1,17,7,7,3,100.0
3,17,5,3,2,90.60178488394219
2,9,15,1,4,76.59257368007135
3,22,3,4,1,75.10839844393051
3,7,13,2,3,86.10069050630432
3,13,7,2,4,88.55256774409528
2,14,12,2,4,97.06454894854119
3,18,16,6,5,100.0
2,18,17,7,4,100.0
1,21,24,6,1,85.86179204102308
1,12,3,5,1,68.32278695536327
2,5,21,3,1,70.04553674423359
2,7,11,3,1,74.47135832202407
3,19,19,2,1,100.0
2,20,1,6,5,77.85656431411148
1,19,2,3,2,80.3845751296927
3,19,24,1,5,79.7530322794579
2,12,1,1,1,58.58634049490272
1,13,16,1,1,89.49497517923606
2,20,13,3,4,100.0
3,22,15,7,4,100.0
2,2,1,1,4,17.77864536878678
3,13,17,6,3,100.0
2,11,6,2,1,71.35768662375939
1,20,22,7,3,100.0
3,7,23,7,4,80.6688630424074
3,5,4,5,3,59.86497291813565
2,20,5,6,5,91.22171093372866
1,18,1,2,1,63.545391201669574
2,11,17,5,5,100.0
1,15,10,6,5,98.33409793776168
1,23,9,3,3,72.0062830858762
1,23,5,2,5,58.67762117357961
1,12,20,3,4,99.29631970076557
3,21,14,7,4,100.0
1,3,19,6,4,72.31574627185432
1,20,23,3,2,86.74106991359041
1,17,9,2,5,87.3665888432368
1,20,14,2,2,100.0
3,12,4,7,5,93.58657967389492
3,21,3,7,1,90.34643451061946
3,16,6,5,4,97.67523268807301
2,16,18,6,3,100.0
3,4,3,2,5,40.09510955489972
3,7,14,6,3,93.8734887455412
3,24,17,2,2,88.3411996802319
3,18,12,1,3,100.0
2,12,11,6,1,100.0
3,22,24,7,2,89.76289797208219
2,9,13,2,3,82.94131615984291
2,14,11,5,4,100.0
2,16,16,7,1,100.0
3,8,23,6,1,81.15993698300335
1,20,22,7,1,100.0
3,21,20,3,4,98.54506119147548
3,12,2,7,5,87.07315040392561
3,15,10,1,4,92.53624720379324
2,15,9,5,5,100.0
1,24,9,5,5,74.80188732412142
2,6,1,2,5,43.86101518983157
3,3,22,2,4,51.3896361021545
1,11,5,5,3,69.98206729255439
1,17,7,6,1,100.0
3,4,11,2,5,63.22711332068967
1,22,17,4,2,100.0
3,13,5,6,3,92.58367496549876
1,3,12,3,3,52.59163600388595
1,8,19,6,3,88.47697371351083
3,12,13,6,3,100.0
1,11,22,4,3,81.06201372470625
3,9,3,3,4,59.0965309017782
2,22,4,2,5,64.93478313660304
1,13,2,5,3,70.6109067321916
3,14,18,1,4,97.86479204111463
1,1,6,6,4,45.132774746801594
1,13,14,3,2,98.96052214483323
1,10,4,4,3,64.77926190151491
3,4,10,4,5,66.94428327692556
2,15,24,3,3,83.74070426245575
3,14,20,6,4,100.0
3,15,20,5,4,100.0
1,15,5,3,5,74.94670043339354
1,18,17,5,1,100.0
2,3,22,6,2,75.52101993916581
1,7,3,6,4,57.106021257644436
2,13,14,5,3,100.0
2,19,4,4,2,80.90133392860939
2,21,2,1,5,56.50696250195022
1,10,20,3,2,83.60493111518728
2,20,7,6,4,97.7876504097795
1,14,2,5,1,75.91539249845512
3,19,6,4,4,95.51890806308695
1,16,1,3,1,67.68683030561678
2,24,7,3,3,72.11454504394761
1,3,14,6,1,75.1254371379779
1,7,7,2,5,46.69515117636646
3,4,22,5,3,77.67849203960519
1,16,7,3,2,84.54525929920187
3,11,15,2,4,98.62486706658731
1,1,21,1,4,43.19570319354133
1,10,12,6,4,98.85397660538419
2,3,2,7,4,46.995146369006235
1,5,14,6,5,81.00349893117661
2,23,21,1,4,73.06610779016682
2,20,22,4,1,100.0
2,24,17,6,4,100.0
3,5,15,3,2,79.00219404687456
1,9,3,1,1,47.55673956844287
3,17,16,3,1,100.0
1,7,14,6,1,95.85945746503877
2,22,3,3,1,69.06848977939391
2,9,2,6,1,60.76259818302724
2,18,7,7,1,100.0
1,24,9,7,3,84.27883303914405
2,17,15,4,2,100.0
2,21,18,5,2,100.0
1,24,14,3,4,83.65421781172606
2,5,18,7,5,87.95191118751148
1,18,20,2,5,95.43424148151817
1,23,9,5,1,87.5300139221683
2,13,5,3,5,75.50646493757574
1,6,5,2,2,43.428472204839785
2,12,13,3,5,97.56536392795961
1,22,15,1,5,85.37256574838683
1,5,15,2,1,64.2276404560496
3,5,17,2,3,79.37014378677183
1,7,9,4,2,65.96777970924808
3,12,5,1,5,72.52893310248261
2,14,6,2,3,78.19979519668124
3,8,8,3,5,72.60860241993429
1,23,19,7,3,100.0
3,8,10,1,1,73.4149384187756
3,18,14,5,2,100.0
1,5,7,3,1,48.192597475391736
2,19,8,2,4,92.62535538733582
2,6,12,4,2,71.41531557467007
3,11,22,5,3,100.0
3,6,1,6,1,58.260817053614545
1,10,7,3,3,71.34896447363417
2,9,24,4,5,67.64821620819491
3,18,21,6,4,100.0
2,20,20,1,3,97.0834920647764
3,4,19,3,4,75.57514565876335
3,1,16,5,1,81.51762732095253
2,24,3,7,1,71.99157308027664
1,1,18,4,1,63.022730306749644
3,8,7,4,4,71.84781513474144
2,7,5,5,1,61.88391872638201
2,5,6,5,2,56.06997050831586
2,4,1,5,5,40.16407811714436
1,18,6,2,5,81.71177907855338
3,20,19,1,5,100.0
1,20,10,6,4,100.0
1,24,12,3,1,75.49986607988636
3,7,7,7,4,76.96678042132136
3,9,4,7,4,80.67003813543636
1,15,16,5,5,100.0
2,19,5,4,2,92.52801598965539
1,14,22,5,2,98.24231251931194
3,20,21,2,5,100.0
2,22,5,4,4,75.12271716308577
1,5,1,1,5,21.747719405217943
3,4,22,5,4,75.05416534249632
3,11,2,7,1,79.86714367584075
1,9,3,4,5,52.15156624026497
2,15,5,3,4,80.12095157306219
2,7,15,2,5,76.4759247322997
2,2,23,7,2,61.30288732628044
1,3,20,2,4,46.24469833094317
2,2,16,4,5,72.33534430192044
2,7,14,1,5,69.37190026849991
1,12,1,7,5,75.02715467913579
1,2,13,1,3,54.04347881872973
1,16,8,2,1,90.44092003104016
1,6,12,5,5,74.85352782750047
3,5,11,6,2,89.89409810066363
2,9,11,2,1,73.99054036180839
2,17,6,1,4,82.79269906478628
2,20,17,3,2,100.0
3,10,23,2,5,71.25084193378022
1,9,7,3,3,64.90339527215751
2,12,15,1,5,90.94253242404533
1,18,17,6,5,100.0
3,21,10,2,3,97.46403610349843
2,14,16,4,5,100.0
1,3,13,5,1,71.96051896185641
1,21,10,1,3,82.40181243394518
1,9,21,5,4,83.2667255275808
2,1,19,3,3,63.37827603797721
3,10,6,4,5,78.30599543514079
3,22,13,2,3,98.82877280973256
2,5,20,5,2,84.51733259345181
3,3,10,6,3,74.07555440549237
1,9,21,2,1,71.66800046251002
2,4,22,7,3,67.31853376397056
1,15,19,1,4,92.27975466648418
1,16,21,7,4,100.0
1,20,15,4,3,100.0
2,10,2,1,1,49.67064121266394
3,15,16,3,2,100.0
1,3,8,6,2,57.251469950201795
2,10,9,5,4,86.13760288136349
1,19,10,1,2,88.31348497600374
2,23,8,1,5,69.77536215982416
2,20,13,5,3,100.0
2,24,10,1,5,67.7994108549737
2,11,20,4,5,97.90446142050412
2,23,16,4,2,100.0
1,19,11,3,3,99.43665647063594
3,7,4,5,5,61.99285825049296
2,9,22,3,5,77.26108848304767
2,7,21,6,2,83.66742748327482
1,1,16,6,1,68.9724930904737
2,10,13,1,5,78.56306434565005
1,16,21,7,2,100.0
2,4,9,4,3,57.92713597045448
2,16,6,5,2,95.99968964202733
3,16,16,4,5,100.0
1,8,2,2,5,36.97818768617343
2,4,3,1,4,25.59420883338559
2,1,11,2,5,47.13807764073434
2,17,1,1,1,60.684430284450805
3,8,5,2,3,59.955541780428746
2,20,17,1,1,97.59108339410604
1,7,23,7,2,72.26465836195494
1,15,8,1,1,73.91514701247334
3,1,2,3,2,30.216178675844336
1,17,3,6,5,81.68867144695736
2,7,3,2,2,50.087862460689436
3,23,10,4,2,93.65848206004239
3,3,9,2,1,51.78772994118886
1,19,6,4,5,86.12673243606832
1,21,24,3,4,70.16002250204834
1,24,11,3,5,75.7776058322779
2,12,14,5,4,100.0
2,18,18,7,4,100.0
1,15,23,6,2,97.00466508632189
3,16,5,3,1,84.52584657213042
3,15,2,7,5,92.95667932126055
3,2,6,3,3,47.449301482519985
1,10,11,2,3,78.27478262259855
2,6,10,7,1,79.0348894927828
3,2,4,2,1,38.42878445980661
2,6,11,2,2,75.27661799523362
3,21,18,3,4,100.0
3,1,9,2,2,55.048038679577346
2,11,21,4,4,89.15942543119361
1,22,5,7,1,83.9362092444504
3,6,1,4,4,51.93255407599528
1,17,2,2,4,65.8436994695066
3,2,3,1,4,30.64023427500316
1,21,3,1,4,57.8929374411201
3,3,10,2,5,64.27770227179927
3,9,1,7,2,76.1195706573618
2,24,20,1,4,78.55757698514931
3,2,21,5,3,74.3036120554871
3,8,22,5,3,84.93674939607733
2,6,16,1,2,75.24813414806573
3,22,12,7,4,100.0
2,8,22,5,5,84.7231499851573
2,18,14,7,2,100.0
1,5,12,2,5,58.98467223161064
2,23,20,2,1,86.61121413763384
2,12,12,6,4,100.0
3,12,2,5,5,79.00545628171443
3,8,8,2,4,71.48299606331226
1,8,21,3,1,70.68945337314751
2,16,12,2,5,98.53338322312887
1,8,23,2,1,64.62312637313057
2,20,11,4,1,100.0
1,15,18,7,2,100.0
1,23,12,3,4,80.76872172519612
1,18,23,1,5,81.04121070496919
3,13,7,4,3,83.96872921516379
1,9,24,4,1,64.11644116569842
3,4,16,5,3,84.90840382675715
1,3,7,5,5,54.98110776881664
1,13,16,6,3,100.0
2,10,9,7,4,95.50359589563573
1,22,5,5,1,77.65874959871827
1,10,8,1,1,63.74964569548821
2,2,14,1,3,59.091737830625455
1,23,10,5,5,83.49366235670203
2,10,15,2,2,92.17290659137596
3,18,7,5,4,96.0741028685906
3,20,11,6,4,100.0
2,15,16,5,1,100.0
1,5,18,5,5,76.59375949631519
3,14,5,2,3,79.53714994704087
2,12,1,2,2,62.12032698691472
1,20,5,7,2,90.57569357959568
2,21,2,1,3,58.1372575981949
2,14,16,1,3,99.95088727671862
2,23,12,3,3,89.29831677294172
2,13,14,3,5,100.0
1,16,12,2,4,94.70992968030846
1,8,22,3,1,64.31520486506524
2,22,18,4,3,100.0
1,11,6,3,5,65.47522869804347
3,17,18,1,2,100.0
1,14,3,5,2,77.72676305742394
1,10,2,6,3,65.2794117238369
2,1,11,5,4,63.76204982515705
3,9,4,1,5,58.79633215476685
2,6,22,4,4,71.60718176535214
3,19,2,5,2,85.18043612403963
2,14,3,5,2,85.76951232765553
2,6,9,1,5,59.69773475028626
3,12,17,1,1,97.88233064295572
1,14,22,3,1,90.04640649499157
3,15,18,4,1,100.0
3,23,22,1,2,76.03148257365712
1,8,24,3,2,56.6169476537788
2,19,7,3,2,87.8093068542238
2,12,11,7,4,100.0
3,3,4,4,5,46.52235839426471
3,7,13,6,4,97.1427680586309
2,21,18,1,2,98.66669948943618
1,2,6,1,1,34.72068806360261
2,2,14,6,5,76.24487974676009
1,3,19,6,4,73.2100448871272
2,13,3,6,1,80.96270558507473
2,19,3,2,5,73.39460076079982
3,14,13,3,5,100.0
1,8,18,6,4,92.65121367962614
2,3,5,6,2,50.85886118605729
1,24,6,1,3,54.34423923243803
1,23,3,1,5,53.29655817354577
1,4,7,5,2,56.353292833598815
3,4,13,7,2,85.6667197303994
1,5,1,4,3,36.7672637613269
1,21,23,3,4,78.0801474671097
3,22,1,3,3,64.60297619499633
1,23,11,7,5,95.60140547489343
3,12,2,6,2,81.76046752562335
2,5,2,4,4,45.982397547937495
3,23,7,1,5,70.15057086436815
2,4,21,5,1,72.51074804217713
2,9,18,7,5,100.0
3,3,16,5,5,83.89226701802264
1,12,16,7,4,100.0
1,2,10,5,5,52.678668340084144
3,15,4,4,5,86.52075537518596
2,2,12,1,5,55.70183259539292
3,11,3,6,4,83.91312663737891
2,16,1,7,3,88.3775593040946
3,11,18,6,4,100.0
3,20,23,4,1,100.0
2,2,4,3,3,36.39488676153956
3,3,10,5,2,67.02198712426896
3,19,13,2,2,100.0
1,16,13,5,5,100.0
3,16,24,4,4,90.76450395687395
2,21,21,6,2,100.0
1,16,17,5,5,100.0
2,15,10,4,1,100.0
2,12,12,5,4,100.0
2,2,11,1,4,46.80849778965388
2,16,1,6,1,79.80414663435414
2,1,6,2,4,30.15883860161227
1,20,21,5,5,100.0
1,1,9,7,2,58.712327578995485
1,12,22,3,1,85.21020138525367
2,14,4,6,1,90.26922528641505
1,6,8,4,5,56.2462229561278
1,21,11,1,2,88.0009283616728
2,15,9,1,3,93.48835895086837
1,6,18,3,5,74.96742339127316
1,13,3,2,2,66.43431462939469
3,4,8,5,1,69.28574790153783
2,6,24,7,1,67.5140330722553
1,16,2,7,5,87.586179701122
3,24,7,3,5,68.41275201837507
1,13,17,2,1,95.02120195380719
1,23,11,7,4,95.40498851840843
1,8,15,6,1,85.14709637825455
3,20,10,3,4,100.0
3,1,14,3,1,70.20587057958589
2,14,24,3,2,78.53936924877836
1,1,12,7,2,63.749955664066306
2,18,13,4,5,100.0
1,3,2,4,2,36.983144321118324
1,20,22,5,5,99.22571899993328
3,2,12,6,1,71.00908817542482
2,21,7,4,4,90.40112087642666
2,13,23,3,1,93.9085410489129
2,23,4,1,5,56.818947137054884
3,7,7,4,2,67.26580459413489
1,15,16,1,3,100.0
2,23,24,7,4,83.10547597345239
2,13,23,1,5,74.88865177991943
3,3,12,1,3,65.14348873979478
2,2,17,5,2,73.60264051199357
1,21,4,3,3,74.34478281350262
1,13,16,6,3,100.0
2,2,13,2,5,61.47903452396199
3,1,19,5,1,76.68533549311285
1,2,8,7,5,52.47794178797817
1,4,5,6,3,47.48662259255768
1,16,14,6,3,100.0
2,1,17,4,4,65.83317427472626
3,8,22,1,2,73.75308222816338
1,21,3,3,4,72.67038873815116
3,17,23,5,4,100.0
3,16,8,3,1,100.0
2,21,13,6,2,100.0
1,1,4,3,3,27.051074167251244
2,9,9,1,2,68.45749848072164
3,2,12,2,3,66.43028144622714
2,8,1,2,4,46.498198674204154
3,17,5,4,4,95.21140308656916
2,6,24,7,3,64.74023521960905
2,2,5,3,1,40.51541243682216
3,4,11,2,1,62.9074776977251
1,22,19,1,4,84.89897361452016
3,22,1,4,5,74.60368782163573
1,18,1,3,2,69.96001356733757
3,10,23,1,3,67.43310043352855
1,19,14,6,4,100.0
3,16,18,3,4,100.0
2,15,18,4,1,100.0
2,13,5,5,1,82.48164409694436
3,11,13,2,2,90.68493143603808
2,22,11,2,2,92.23221369259613
1,8,19,4,2,84.99352082998621
2,8,22,6,1,83.64173015677075
1,11,19,1,5,85.33818269470586
2,8,21,7,1,91.12422550845254
1,17,24,2,4,75.44863965913046
3,12,22,5,5,100.0
1,14,13,6,4,100.0
2,17,17,7,4,100.0
3,10,23,1,3,74.01082927874107
3,12,16,4,1,100.0
2,17,20,7,4,100.0
3,10,14,7,5,100.0
1,9,10,1,5,57.32596445401346
1,4,12,1,3,50.709038692599506
3,15,4,4,4,93.80348069632184
3,10,17,2,2,97.81277761240808
2,6,2,2,4,37.76729842674237
1,24,3,3,2,47.54344845893387
3,18,10,6,1,100.0
1,10,23,7,2,85.83327549259492
1,3,9,4,1,57.827391006600315
2,2,8,5,4,54.709838047540615
1,6,18,3,3,69.80120277851532
1,1,7,3,2,39.006325638276564
3,17,17,2,4,100.0
1,10,15,4,1,90.33800951777438
2,5,17,7,1,88.20506043939605
1,22,19,6,4,98.96805290075686
1,21,22,5,5,93.35859574515672
1,18,21,2,4,93.29571454715128
3,12,3,2,1,66.74342600999054
3,16,6,4,3,100.0
1,18,22,7,2,100.0
2,22,10,2,2,88.56632805574233
3,22,2,1,2,62.80557897927282
1,1,20,3,1,49.73524129645605
2,2,22,6,2,61.591509849682666
2,12,12,2,5,93.48247894562617
3,3,11,3,4,64.22550672179497
2,3,11,2,3,59.67798125648308
3,24,23,1,5,70.13573993570373
2,1,1,1,4,18.442328936583245
1,15,10,5,1,99.11408753455946
3,24,2,3,2,58.47417781956865
1,10,2,7,1,76.189301223448
2,2,4,4,4,32.72145477570988
3,5,8,2,3,61.65355068291447
3,20,2,5,3,91.31826918836721
3,16,22,2,1,96.87216658482602
1,16,9,1,4,82.34327156845038
3,9,16,7,1,100.0
2,17,19,1,4,96.69008770751674
2,23,17,2,1,89.3845739112216
1,6,14,6,4,78.52373646787083
3,23,10,2,1,82.11920566220805
3,11,15,4,3,100.0
3,19,19,2,3,100.0
3,15,13,2,4,100.0
2,19,7,3,1,90.07583784002
1,5,17,7,2,88.62369303759439
2,12,4,1,2,61.527281048305426
1,23,11,1,5,71.16895616077377
1,10,15,4,1,90.05546502154135
3,10,12,7,5,100.0
3,21,22,1,5,93.61654600786758
1,8,21,1,5,63.43155947374173
1,13,14,2,5,91.38151133304146
2,16,8,7,1,100.0
2,15,2,5,4,83.97565266548514
3,14,18,5,5,100.0
2,20,22,4,2,100.0
2,14,7,6,2,100.0
2,13,14,4,4,100.0
3,6,11,3,2,74.4674351022929
2,4,12,2,4,63.102254684765526
2,16,4,3,3,77.91425643859885
3,8,15,6,5,98.91113760233577
2,7,9,7,3,87.71079174212304
2,23,7,4,4,73.89231554782276
3,7,16,5,3,97.23837008723096
2,18,6,3,1,92.0996264589215
2,6,7,3,1,55.99487599567618
2,8,19,6,5,91.35258396703435
1,13,9,2,2,81.52922490048307
3,2,13,7,1,88.13842182838304
3,9,11,1,4,81.69556126074694
2,24,11,4,4,82.16974804226582
3,9,11,5,2,98.60784159904456
2,2,20,6,4,70.77669413303379
2,20,12,4,3,100.0
1,18,16,5,1,100.0
3,9,17,4,4,97.61178662485106
3,15,5,1,3,80.85432584266756
2,24,24,7,1,72.55157954436544
2,12,22,5,2,89.16457656230948
2,21,22,6,1,100.0
1,2,7,1,5,31.967171800438543
2,14,17,1,5,100.0
3,13,10,5,1,100.0
2,20,15,5,2,100.0
1,5,21,1,2,52.38252846382782
1,4,11,6,3,76.32918153292718
3,21,20,7,3,100.0
1,15,17,7,4,100.0
1,9,15,6,3,100.0
3,24,20,1,5,80.05498958933174
1,13,2,4,1,64.68184560658699
3,1,3,2,4,30.739250719060546
2,11,6,2,1,72.2019916535322
1,23,7,2,2,68.0261271188248
2,13,16,2,5,100.0
3,15,13,2,2,100.0
1,20,3,4,1,75.85089238896015
1,14,24,2,2,64.82481052167908
1,2,1,3,3,22.135560472194072
3,24,2,2,4,55.243517914051246
1,21,4,6,2,87.5138961391336
2,17,16,4,3,100.0
1,23,19,5,2,92.00645536902606
3,18,11,5,1,100.0
1,1,24,3,3,31.14065485841715
1,3,17,1,5,51.25688230561074
1,19,5,4,4,78.40271612155634
3,5,13,7,3,94.70308679802336
3,9,7,6,2,85.52431747454274
3,24,11,3,5,80.41743511602213
3,17,1,3,2,79.29506170417856
2,11,11,6,1,100.0
1,16,10,3,4,92.97000337697861
2,14,6,7,2,99.15416189145972
2,1,13,5,1,66.56895988000231
3,24,3,5,3,67.39771160606726
1,23,4,6,5,64.40959176446012
3,24,22,5,4,84.54979268956188
1,16,21,4,1,100.0
2,22,11,1,1,86.40393996667012
3,2,16,4,4,75.08872164988401
3,22,12,6,2,100.0
1,8,17,6,4,92.62495120175821
3,9,14,3,4,96.59813498835807
3,13,21,7,2,100.0
1,23,18,7,3,100.0
1,24,14,4,1,89.4404064710176
1,1,10,5,1,54.25442313072515
3,22,15,2,1,100.0
2,2,4,4,1,40.528317973757055
3,7,19,2,2,83.85086185584093
1,5,11,1,3,53.767244597369725
1,2,20,5,5,59.87463304452996
1,12,22,6,3,98.26723910515206
2,20,5,5,3,94.02333728454411
1,10,21,6,4,91.03048561078808
3,7,1,4,1,56.78284066191072
2,1,2,2,4,24.85198995743764
2,14,5,7,2,97.14075900169803
1,18,23,1,3,81.78657547985739
3,1,3,2,3,29.287507820363178
3,9,5,5,1,74.64580680374702
3,17,5,6,2,100.0
2,7,13,6,2,89.76414416093456
3,19,22,2,5,92.6880690774061
2,3,2,4,2,30.97171581808435
2,21,1,1,5,55.82552379003671
3,9,13,1,4,82.00702591724095
2,19,19,6,5,100.0
2,21,2,4,5,73.18476437175025
2,18,14,2,5,100.0
3,10,3,2,5,63.76252672176312
2,12,9,4,5,90.89513501415848
3,8,11,5,5,83.24260958593528
3,12,18,2,2,93.25416157738789
1,5,9,5,1,66.35790508597624
2,5,20,7,4,88.30066938151442
3,3,19,3,5,66.8183290532215
1,22,13,3,5,89.60399417344135
2,20,2,4,4,73.94594023911331
1,13,17,7,3,100.0
3,9,11,2,3,82.33005682015546
2,20,11,7,3,100.0
2,11,3,7,4,77.56159894738835
3,22,12,4,3,100.0
2,3,22,7,2,69.68499055685659
3,21,13,2,2,100.0
1,22,6,7,1,91.0844102341455
1,11,2,4,5,61.60574389542809
1,20,2,5,3,79.79444754176201
2,1,18,5,4,67.78980426385839
3,19,21,1,2,100.0
1,19,10,3,4,90.56049762992679
2,8,7,2,2,57.48258564334707
2,3,5,5,5,50.69488795690083
3,9,16,1,3,89.76995307492854
2,7,4,7,3,63.084381734423864
3,9,11,6,1,100.0
3,22,14,2,3,100.0
3,15,15,5,1,100.0
2,7,5,5,4,62.79133966247026
3,1,5,4,5,46.729285077494644
3,24,12,3,4,89.05880778911805
2,6,23,1,2,51.57835324547446
2,6,11,3,3,75.3295736382704
2,9,2,6,4,65.20249405056018
2,23,11,2,1,85.3476228043289
3,8,23,1,1,68.43020187552386
3,23,18,3,3,98.54863330938839
1,19,5,5,5,78.99020396180953
1,6,3,5,3,47.99136792797313
3,24,6,7,1,87.3866676232359
1,21,1,2,3,62.11997665830241
2,2,14,6,2,76.0815799749994
3,18,24,4,5,93.29902427761846
1,5,21,4,3,63.72976460780957
3,4,18,4,1,80.4743941229218
1,22,8,1,4,74.2073027447158
1,19,11,2,1,96.85447536444063
3,23,6,5,1,86.29301680395297
3,24,9,5,3,88.53635844786275
1,19,5,4,2,81.35730233711116
1,12,5,6,5,78.53018961548874
2,7,5,1,3,46.37034943091638
3,21,23,7,5,100.0
2,14,12,4,3,100.0
2,1,14,6,2,70.17714053790037
2,11,2,1,3,52.916838610884085
1,11,22,4,1,81.78324714291307
2,1,22,6,3,62.66826216679184
2,19,22,5,1,100.0
2,2,19,6,2,79.28981643081838
3,21,1,3,2,72.70908058442946
1,3,11,1,3,49.750484267582884
2,15,19,5,1,100.0
2,9,14,6,1,100.0
1,9,24,5,1,69.31851502558084
1,1,11,1,4,40.07803068511165
1,21,9,7,3,96.0054069337487
1,23,22,4,3,80.0492919596255
3,15,9,5,3,100.0
2,1,21,1,5,48.03689952371055
2,12,8,6,1,96.36824865598493
3,16,21,7,1,100.0
2,24,22,1,2,67.52248367796766
2,6,22,4,5,65.67747331913519
3,14,1,2,2,71.60937530506472
2,10,22,7,1,98.50500523337506
3,10,17,1,1,91.96749804524438
1,20,20,4,4,100.0
1,14,2,3,5,61.964749365025654
1,24,5,4,4,59.463684061208944
1,13,19,4,1,100.0
3,4,21,7,3,83.42246914861768
2,3,13,2,4,65.00821644271575
3,3,11,3,2,65.58210487190198
2,7,3,1,2,45.69426155005435
3,11,1,1,1,57.442896450605154
3,11,17,2,3,100.0
1,12,8,6,3,90.11386466087352
1,12,13,3,2,89.61155394239617
2,11,20,5,1,100.0
3,1,20,7,1,73.52048075924642
3,14,10,1,4,97.78386961012671
3,12,4,3,4,74.03445311882628
3,11,1,7,2,81.59628410486705
1,9,15,6,2,97.40674385106519
1,10,19,2,1,82.78611556279635
1,18,9,5,2,97.9880564378749
3,4,18,5,5,79.33797946277288
1,2,22,3,5,40.337231864058545
1,13,21,6,4,99.80175177947558
3,18,14,3,2,100.0
2,19,16,2,1,100.0
2,12,3,5,2,74.07384969422361
3,3,21,6,3,77.29874825352687
3,7,24,2,1,56.78241027540387
3,17,12,4,4,100.0
3,24,2,4,1,62.71313116435168
3,15,22,1,1,98.37790524250455
3,4,21,3,1,64.79422078664672
1,10,19,7,3,100.0
3,24,23,2,1,72.07299919757767
3,15,22,2,4,96.90101597600898
1,21,5,6,5,78.30215474662158
2,1,6,1,1,30.060796984490334
1,21,7,3,4,80.42059639770602
1,19,14,3,4,97.90387718467146
3,4,16,4,5,74.85080371246833
2,9,13,7,1,99.88000547053109
1,19,20,6,3,100.0
2,11,9,5,3,87.67401480259946
3,22,20,2,4,90.65687589203534
1,2,23,3,3,45.633689706660704
3,7,13,7,4,93.97083466853677
3,22,22,4,3,96.43734835987162
1,7,10,1,2,61.54913021327848
2,3,8,1,2,37.35405923867014
1,17,8,1,1,83.36760054200545
2,16,14,3,5,100.0
2,23,12,7,5,100.0
2,13,4,2,2,66.95308325346798
3,15,12,2,1,100.0
3,8,2,6,2,66.1071636601799
1,3,16,3,5,62.6218159023294
1,9,3,6,5,58.19774785614743
2,18,3,4,2,84.65952817631623
1,6,16,7,1,92.83490374815096
2,4,6,3,4,46.124768870168936
